team,player,position,portrait_filename
Anaheim Amigos,Willis Thomas,G,willis_thomas.webp
Anaheim Amigos,Jeff Congdon,G,jeff_congdon.webp
Anaheim Amigos,Les Selvage,G,les_selvage.webp
Anaheim Amigos,Bill Crow,G,bill_crow.webp
Anaheim Amigos,Steve Chubin,G,steve_chubin.webp
Anaheim Amigos,Bob Bedell,F,bob_bedell.webp
Anaheim Amigos,John Fairchild,F,john_fairchild.webp
Anaheim Amigos,Warren Davis,F,warren_davis.webp
Anaheim Amigos,Bill Allen,C/F,bill_allen.webp
Anaheim Amigos,Steve Kramer,G/F,steve_kramer.webp
Anaheim Amigos,Harry Dinnell,F/G,harry_dinnell.webp
Anaheim Amigos,Herschell Turner,G,herschell_turner.webp
Anaheim Amigos,Ben Warley,F/G,ben_warley.webp
Anaheim Amigos,Bill Garner,C,bill_garner.webp
Anaheim Amigos,Randy Stoll,C,randy_stoll.webp
Anaheim Amigos,Larry Moore,F,larry_moore.webp
Anaheim Amigos,Paul Scranton,F,paul_scranton.webp
Anaheim Amigos,Larry Bunce,C,larry_bunce.webp
Anaheim Amigos,Dick Lee,F,dick_lee.webp
Anaheim Amigos,Bob Sims,G/F,bob_sims.webp
Dallas Chaparrals,Bob Verga,G,bob_verga.webp
Dallas Chaparrals,Maurice McHartley,G/F,maurice_mchartley.webp
Dallas Chaparrals,Gene Wiley,C,gene_wiley.webp
Dallas Chaparrals,Rubin Russell,G,rubin_russell.webp
Dallas Chaparrals,Denny Holman,G,denny_holman.webp
Dallas Chaparrals,Cliff Hagan,F,cliff_hagan.webp
Dallas Chaparrals,Jim Burns,G,jim_burns.webp
Dallas Chaparrals,Bobby Wilson,F,bobby_wilson.webp
Dallas Chaparrals,Charles Beasley,G/F,charles_beasley.webp
Dallas Chaparrals,Carroll Hooser,F,carroll_hooser.webp
Dallas Chaparrals,Riney Lochmann,F,riney_lochmann.webp
Dallas Chaparrals,Richard Peek,C,richard_peek.webp
Dallas Chaparrals,Cincy Powell,F,cincy_powell.webp
Dallas Chaparrals,Elton McGriff,C,elton_mcgriff.webp
Dallas Chaparrals,John Beasley,C,john_beasley.webp
Dallas Chaparrals,Mike Dabich,C,mike_dabich.webp
Indiana Pacers,Freddie Lewis,G,freddie_lewis.webp
Indiana Pacers,Jimmy Dawson,G,jimmy_dawson.webp
Indiana Pacers,Roger Brown,F,roger_brown.webp
Indiana Pacers,Bob Netolicky,F/C,bob_netolicky.webp
Indiana Pacers,Mel Daniels,C,mel_daniels.webp
Indiana Pacers,Jerry Harkness,G,jerry_harkness.webp
Indiana Pacers,Ron Kozlicki,F,ron_kozlicki.webp
Indiana Pacers,Tom Thacker,G/F,tom_thacker.webp
Indiana Pacers,George Peeples,F/C,george_peeples.webp
Indiana Pacers,Darrell Carrier,G,darrell_carrier.webp
Indiana Pacers,Oliver Darden,F/C,oliver_darden.webp
Indiana Pacers,DeWitt Menyard,F,dewitt_menyard.webp
Kentucky Colonels,Louie Dampier,G,louie_dampier.webp
Kentucky Colonels,Darel Carrier,G,darel_carrier.webp
Kentucky Colonels,Goose Ligon,F,goose_ligon.webp
Kentucky Colonels,Randolph Mahaffey,F,randolph_mahaffey.webp
Kentucky Colonels,Kendall Rhine,C,kendall_rhine.webp
Kentucky Colonels,Stew Johnson,F,stew_johnson.webp
Kentucky Colonels,Gene Moore,C,gene_moore.webp
Kentucky Colonels,Jim Caldwell,C,jim_caldwell.webp
Kentucky Colonels,Tom Hoover,C,tom_hoover.webp
Kentucky Colonels,Cotton Nash,F,cotton_nash.webp
Kentucky Colonels,Tony Jackson,G/F,tony_jackson.webp
Minnesota Muskies,Mel Daniels,C,mel_daniels.webp
Minnesota Muskies,Donnie Freeman,G,donnie_freeman.webp
Minnesota Muskies,Les Hunter,F/C,les_hunter.webp
Minnesota Muskies,Ron Perry,G,ron_perry.webp
Minnesota Muskies,Gary Bradds,F,gary_bradds.webp
Minnesota Muskies,Sam Smith,F,sam_smith.webp
Minnesota Muskies,Ronnie Robinson,F,ronnie_robinson.webp
Minnesota Muskies,George Lehmann,G,george_lehmann.webp
Minnesota Muskies,Richie Niemiera,G,richie_niemiera.webp
Minnesota Muskies,Don Sidle,F/C,don_sidle.webp
New Jersey Americans,Levern Tart,G,levern_tart.webp
New Jersey Americans,Walt Simon,F,walt_simon.webp
New Jersey Americans,Dan Anderson,G,dan_anderson.webp
New Jersey Americans,Tony Jackson,G/F,tony_jackson.webp
New Jersey Americans,Bobby Lloyd,G,bobby_lloyd.webp
New Jersey Americans,Art Heyman,G/F,art_heyman.webp
New Jersey Americans,Hank Whitney,F,hank_whitney.webp
New Jersey Americans,Dan Swartz,F,dan_swartz.webp
New Jersey Americans,Bill Melchionni,G,bill_melchionni.webp
New Jersey Americans,Barry Leibowitz,G,barry_leibowitz.webp
Pittsburgh Pipers,Connie Hawkins,F,connie_hawkins.webp
Pittsburgh Pipers,Charlie Williams,G,charlie_williams.webp
Pittsburgh Pipers,Chico Vaughn,G,chico_vaughn.webp
Pittsburgh Pipers,Art Heyman,G/F,art_heyman.webp
Pittsburgh Pipers,Craig Dill,C,craig_dill.webp
Pittsburgh Pipers,Arvesta Kelly,G,arvesta_kelly.webp
Pittsburgh Pipers,Bob Hogsett,G,bob_hogsett.webp
Pittsburgh Pipers,Dexter Westbrook,F,dexter_westbrook.webp
Pittsburgh Pipers,John Barnhill,G,john_barnhill.webp
Pittsburgh Pipers,DeWitt Menyard,F,dewitt_menyard.webp
Denver Rockets,Larry Jones,G,larry_jones.webp
Denver Rockets,Wayne Hightower,F/C,wayne_hightower.webp
Denver Rockets,Willie Murrell,F,willie_murrell.webp
Denver Rockets,Byron Beck,F/C,byron_beck.webp
Denver Rockets,Grant Simmons,G,grant_simmons.webp
Denver Rockets,Chuck Gardner,G,chuck_gardner.webp
Denver Rockets,John Morrison,F,john_morrison.webp
Denver Rockets,Jeff Congdon,G,jeff_congdon.webp
Denver Rockets,Lonnie Wright,G,lonnie_wright.webp
Denver Rockets,Tom Hoover,C,tom_hoover.webp
Houston Mavericks,Willie Somerset,G,willie_somerset.webp
Houston Mavericks,Art Becker,F,art_becker.webp
Houston Mavericks,Dave Lattin,C,dave_lattin.webp
Houston Mavericks,Dewitt Menyard,F,dewitt_menyard.webp
Houston Mavericks,Tony Jackson,G/F,tony_jackson.webp
Houston Mavericks,Larry Brown,G,larry_brown.webp
Houston Mavericks,Willie Murrell,F,willie_murrell.webp
Houston Mavericks,Spider Bennett,G,spider_bennett.webp
Houston Mavericks,Jim Ware,F,jim_ware.webp
Houston Mavericks,George Lehmann,G,george_lehmann.webp
New Orleans Buccaneers,Doug Moe,F,doug_moe.webp
New Orleans Buccaneers,Larry Brown,G,larry_brown.webp
New Orleans Buccaneers,Jimmy Jones,G,jimmy_jones.webp
New Orleans Buccaneers,Red Robbins,F/C,red_robbins.webp
New Orleans Buccaneers,Austin Robbins,C,austin_robbins.webp
New Orleans Buccaneers,Jackie Moreland,F,jackie_moreland.webp
New Orleans Buccaneers,Ron Franz,F,ron_franz.webp
New Orleans Buccaneers,Gerald Govan,F/C,gerald_govan.webp
New Orleans Buccaneers,Mal Pradd,G,mal_pradd.webp
New Orleans Buccaneers,Red Stroud,G,red_stroud.webp
Oakland Oaks,Rick Barry,F,rick_barry.webp
Oakland Oaks,Levern Tart,G,levern_tart.webp
Oakland Oaks,Jim Hadnot,C,jim_hadnot.webp
Oakland Oaks,Andy Anderson,G,andy_anderson.webp
Oakland Oaks,Ron Franz,F,ron_franz.webp
Oakland Oaks,Barry Leibowitz,G,barry_leibowitz.webp
Oakland Oaks,Steve Jones,G,steve_jones.webp
Oakland Oaks,Gary Bradds,F,gary_bradds.webp
Oakland Oaks,Henry Logan,G,henry_logan.webp
Oakland Oaks,Jim Eakins,C,jim_eakins.webp
