player,portrait_filename
Adrian Dantley,adrian_dantley.webp
Adrian Smith,adrian_smith.webp
Al Attles,al_attles.webp
Al Bianchi,al_bianchi.webp
Al Brightman,al_brightman.webp
Al Bunge,al_bunge.webp
Al Butler,al_butler.webp
Al McGuire,al_mcguire.webp
Al Negratti,al_negratti.webp
Alex English,alex_english.webp
Alex Groza,alex_groza.webp
Alex Hannum,alex_hannum.webp
Allie Lujack,allie_lujack.webp
Alvan Adams,alvan_adams.webp
Andy Phillip,andy_phillip.webp
Andy Tonkovich,andy_tonkovich.webp
Angelo Musi,angelo_musi.webp
Archie Dees,archie_dees.webp
Ariel Maughan,ariel_maughan.webp
Armand Cure,armand_cure.webp
Arnold Short,arnold_short.webp
Art Harris,art_harris.webp
Art Heyman,art_heyman.webp
Art Hillhouse,art_hillhouse.webp
Art Spector,art_spector.webp
Art Spoelstra,art_spoelstra.webp
Artis Gilmore,artis_gilmore.webp
Aubrey Davis,aubrey_davis.webp
Austin Carr,austin_carr.webp
Bailey Howell,bailey_howell.webp
Bato Govedarica,bato_govedarica.webp
Ben Goldfaden,ben_goldfaden.webp
Ben Scharnus,ben_scharnus.webp
Bill Bradley,bill_bradley.webp
Bill Bridges,bill_bridges.webp
Bill Buntin,bill_buntin.webp
Bill Davis,bill_davis.webp
Bill Gabor,bill_gabor.webp
Bill Garrett,bill_garrett.webp
Bill Gossett,bill_gossett.webp
Bill Hewitt,bill_hewitt.webp
Bill Kenville,bill_kenville.webp
Bill Mann,bill_mann.webp
Bill Mlkvy,bill_mlkvy.webp
Bill Russell,bill_russell.webp
Bill Sharman,bill_sharman.webp
Bill Walton,bill_walton.webp
Billy Cunningham,billy_cunningham.webp
Billy Knight,billy_knight.webp
Billy McGill,billy_mcgill.webp
Billy Paultz,billy_paultz.webp
Bob Boozer,bob_boozer.webp
Bob Burrow,bob_burrow.webp
Bob Cluggish,bob_cluggish.webp
Bob Cousy,bob_cousy.webp
Bob Dandridge,bob_dandridge.webp
Bob Dille,bob_dille.webp
Bob Doll,bob_doll.webp
Bob Donham,bob_donham.webp
Bob Duffy,bob_duffy.webp
Bob Faught,bob_faught.webp
Bob Feerick,bob_feerick.webp
Bob Ferry,bob_ferry.webp
Bob Fitzgerald,bob_fitzgerald.webp
Bob Gale,bob_gale.webp
Bob Harris,bob_harris.webp
Bob Harrison,bob_harrison.webp
Bob Houbregs,bob_houbregs.webp
Bob Kauffman,bob_kauffman.webp
Bob Lanier,bob_lanier.webp
Bob Lavoy,bob_lavoy.webp
Bob Leonard,bob_leonard.webp
Bob Lochmueller,bob_lochmueller.webp
Bob Love,bob_love.webp
Bob Mattick,bob_mattick.webp
Bob McAdoo,bob_mcadoo.webp
Bob Mullens,bob_mullens.webp
Bob Nash,bob_nash.webp
Bob Pettit,bob_pettit.webp
Bob Rule,bob_rule.webp
Bob Shea,bob_shea.webp
Bob Stauffer,bob_stauffer.webp
Bob Wiesenhahn,bob_wiesenhahn.webp
Bob Zawoluk,bob_zawoluk.webp
Bobby Gross,bobby_gross.webp
Bobby Jones,bobby_jones.webp
Bobby Wanzer,bobby_wanzer.webp
Bones McKinney,bones_mckinney.webp
Boris Nachamkin,boris_nachamkin.webp
Brian Taylor,brian_taylor.webp
Brian Winters,brian_winters.webp
Buddy O'Grady,buddy_ogrady.webp
Bulbs Ehlers,bulbs_ehlers.webp
Butch Beard,butch_beard.webp
Caldwell Jones,caldwell_jones.webp
Calvin Murphy,calvin_murphy.webp
Campy Russell,campy_russell.webp
Cazzie Russell,cazzie_russell.webp
Cecil Hankins,cecil_hankins.webp
Charlie Paulk,charlie_paulk.webp
Charlie Scott,charlie_scott.webp
Charlie Tyra,charlie_tyra.webp
Chet Aubuchon,chet_aubuchon.webp
Chet Walker,chet_walker.webp
Chick Halbert,chick_halbert.webp
Chink Crossin,chink_crossin.webp
Chuck Connors,chuck_connors.webp
Chuck Cooper,chuck_cooper.webp
Chuck Darling,chuck_darling.webp
Chuck Gilmur,chuck_gilmur.webp
Chuck Hanger,chuck_hanger.webp
Chuck Hoefer,chuck_hoefer.webp
Chuck Noble,chuck_noble.webp
Chuck Share,chuck_share.webp
Clem Haskins,clem_haskins.webp
Cleo Hill,cleo_hill.webp
Cliff Hagan,cliff_hagan.webp
Clifford Ray,clifford_ray.webp
Clifton McNeely,clifton_mcneely.webp
Clyde Lee,clyde_lee.webp
Clyde Lovellette,clyde_lovellette.webp
Connie Hawkins,connie_hawkins.webp
Connie Simmons,connie_simmons.webp
Corky Calhoun,corky_calhoun.webp
Curtis Rowe,curtis_rowe.webp
Dan Issel,dan_issel.webp
Dan Roundfield,dan_roundfield.webp
Darel Carrier,darel_carrier.webp
Darrall Imhoff,darrall_imhoff.webp
Darryl Dawkins,darryl_dawkins.webp
Dave Bing,dave_bing.webp
Dave Budd,dave_budd.webp
Dave Cowens,dave_cowens.webp
Dave DeBusschere,dave_debusschere.webp
Dave Gambee,dave_gambee.webp
Dave Stallworth,dave_stallworth.webp
David Meyers,david_meyers.webp
David Thompson,david_thompson.webp
Deb Smith,deb_smith.webp
Dennis Johnson,dennis_johnson.webp
Dick Barnett,dick_barnett.webp
Dick Farley,dick_farley.webp
Dick Fitzgerald,dick_fitzgerald.webp
Dick Garmaker,dick_garmaker.webp
Dick Groat,dick_groat.webp
Dick Holub,dick_holub.webp
Dick McGuire,dick_mcguire.webp
Dick Murphy,dick_murphy.webp
Dick O'Keefe,dick_okeefe.webp
Dick Ricketts,dick_ricketts.webp
Dick Rosenthal,dick_rosenthal.webp
Dick Schnittker,dick_schnittker.webp
Dick Schulz,dick_schulz.webp
Dick Van Arsdale,dick_van_arsdale.webp
Dike Eddleman,dike_eddleman.webp
Dino Martin,dino_martin.webp
Dolph Schayes,dolph_schayes.webp
Don Chaney,don_chaney.webp
Don Kojis,don_kojis.webp
Don Lofgran,don_lofgran.webp
Don Martin,don_martin.webp
Don May,don_may.webp
Don Meineke,don_meineke.webp
Don Nelson,don_nelson.webp
Don Ohl,don_ohl.webp
Don Putman,don_putman.webp
Don Ray,don_ray.webp
Don Rehfeldt,don_rehfeldt.webp
Don Savage,don_savage.webp
Don Sunderlage,don_sunderlage.webp
Doug Collins,doug_collins.webp
Doug Moe,doug_moe.webp
Doyle Parrack,doyle_parrack.webp
Dwight Davis,dwight_davis.webp
Dwight Jones,dwight_jones.webp
Dwight Morrison,dwight_morrison.webp
Earl Lloyd,earl_lloyd.webp
Earl Monroe,earl_monroe.webp
Earl Shannon,earl_shannon.webp
Ed Conlin,ed_conlin.webp
Ed Kalafat,ed_kalafat.webp
Ed Macauley,ed_macauley.webp
Ed Melvin,ed_melvin.webp
Ed Mikan,ed_mikan.webp
Ed Ratleff,ed_ratleff.webp
Ed Sadowski,ed_sadowski.webp
Ed Smith,ed_smith.webp
Eddie Miles,eddie_miles.webp
Elgin Baylor,elgin_baylor.webp
Elmore Smith,elmore_smith.webp
Elvin Hayes,elvin_hayes.webp
Em Bryant,em_bryant.webp
Ernie Barrett,ernie_barrett.webp
Ernie Beck,ernie_beck.webp
Ernie Calverley,ernie_calverley.webp
Ernie DiGregorio,ernie_digregorio.webp
Ernie Vandeweghe,ernie_vandeweghe.webp
Erwin Mueller,erwin_mueller.webp
Flynn Robinson,flynn_robinson.webp
Frank Fucarino,frank_fucarino.webp
Frank Howard,frank_howard.webp
Frank Ramsey,frank_ramsey.webp
Frank Saul,frank_saul.webp
Frank Selvy,frank_selvy.webp
Frankie Baumholtz,frankie_baumholtz.webp
Fred Boyd,fred_boyd.webp
Fred Brown,fred_brown.webp
Fred Hetzel,fred_hetzel.webp
Fred Jacobs,fred_jacobs.webp
Fred Schaus,fred_schaus.webp
Fred Scolari,fred_scolari.webp
Fred Sheffield,fred_sheffield.webp
Freddie Lewis,freddie_lewis.webp
Gail Goodrich,gail_goodrich.webp
Gar Heard,gar_heard.webp
Gary Phillips,gary_phillips.webp
Gene Conley,gene_conley.webp
Gene Gallette,gene_gallette.webp
Gene Melchiorre,gene_melchiorre.webp
Gene Shue,gene_shue.webp
Gene Wiley,gene_wiley.webp
Geoff Petrie,geoff_petrie.webp
George Bon Salle,george_bon_salle.webp
George Gervin,george_gervin.webp
George Hauptfuhrer,george_hauptfuhrer.webp
George Kaftan,george_kaftan.webp
George Kok,george_kok.webp
George McGinnis,george_mcginnis.webp
George Mearns,george_mearns.webp
George Munroe,george_munroe.webp
George Nostrand,george_nostrand.webp
George Pearcy,george_pearcy.webp
George Senesky,george_senesky.webp
George Stanich,george_stanich.webp
George Trapp,george_trapp.webp
George Wilson,george_wilson.webp
George Yardley,george_yardley.webp
Gerry Ward,gerry_ward.webp
Gifford Roux,gifford_roux.webp
Gino Sovran,gino_sovran.webp
Glen Selbo,glen_selbo.webp
Glenn Kammeyer,glenn_kammeyer.webp
Grady Lewis,grady_lewis.webp
Gus Johnson,gus_johnson.webp
Gus Williams,gus_williams.webp
Guy Rodgers,guy_rodgers.webp
Hal Greer,hal_greer.webp
Hal Lear,hal_lear.webp
Hank Beenders,hank_beenders.webp
Hank Biasatti,hank_biasatti.webp
Hank Rosenstein,hank_rosenstein.webp
Happy Hairston,happy_hairston.webp
Harold Brown,harold_brown.webp
Harold Kottman,harold_kottman.webp
Harry Gallatin,harry_gallatin.webp
Harry Miller,harry_miller.webp
Harry Zeller,harry_zeller.webp
Henry Finkel,henry_finkel.webp
Henry Pearcy,henry_pearcy.webp
Herk Baltimore,herk_baltimore.webp
Hot Rod Hundley,hot_rod_hundley.webp
Howard Komives,howard_komives.webp
Howie Dallmar,howie_dallmar.webp
Howie Shannon,howie_shannon.webp
Hub Reed,hub_reed.webp
Irv Rothenberg,irv_rothenberg.webp
Irv Torgoff,irv_torgoff.webp
Irwin Dambrot,irwin_dambrot.webp
Jack Coleman,jack_coleman.webp
Jack Foley,jack_foley.webp
Jack George,jack_george.webp
Jack Kerris,jack_kerris.webp
Jack Kiley,jack_kiley.webp
Jack Marin,jack_marin.webp
Jack McMahon,jack_mcmahon.webp
Jack Molinas,jack_molinas.webp
Jack Nichols,jack_nichols.webp
Jack Stephens,jack_stephens.webp
Jack Stone,jack_stone.webp
Jack Turner,jack_turner.webp
Jack Twyman,jack_twyman.webp
Jack Underman,jack_underman.webp
Jackie Moreland,jackie_moreland.webp
Jake Fendley,jake_fendley.webp
Jake Weber,jake_weber.webp
Jeff Mullins,jeff_mullins.webp
Jerry Chambers,jerry_chambers.webp
Jerry Fleishman,jerry_fleishman.webp
Jerry Lucas,jerry_lucas.webp
Jerry Rullo,jerry_rullo.webp
Jerry Sloan,jerry_sloan.webp
Jerry West,jerry_west.webp
Jesse Arnelle,jesse_arnelle.webp
Jim Ard,jim_ard.webp
Jim Baechtold,jim_baechtold.webp
Jim Barnes,jim_barnes.webp
Jim Barnett,jim_barnett.webp
Jim Brewer,jim_brewer.webp
Jim Chones,jim_chones.webp
Jim Cleamons,jim_cleamons.webp
Jim Darrow,jim_darrow.webp
Jim Fritsche,jim_fritsche.webp
Jim King,jim_king.webp
Jim Krebs,jim_krebs.webp
Jim Loscutoff,jim_loscutoff.webp
Jim Neal,jim_neal.webp
Jim Palmer,jim_palmer.webp
Jim Paxson Sr.,jim_paxson_sr.webp
Jim Pollard,jim_pollard.webp
Jim Price,jim_price.webp
Jim Seminoff,jim_seminoff.webp
Jim Tucker,jim_tucker.webp
Jim Washington,jim_washington.webp
Jimmy Walker,jimmy_walker.webp
Jo Jo White,jo_jo_white.webp
Joe Bryant,joe_bryant.webp
Joe Caldwell,joe_caldwell.webp
Joe Dean,joe_dean.webp
Joe Fabel,joe_fabel.webp
Joe Fulks,joe_fulks.webp
Joe Luchi,joe_luchi.webp
Joe McNamee,joe_mcnamee.webp
John Abramovic,john_abramovic.webp
John Barnhill,john_barnhill.webp
John Block,john_block.webp
John Brown,john_brown.webp
John Drew,john_drew.webp
John Egan,john_egan.webp
John Havlicek,john_havlicek.webp
John Horan,john_horan.webp
John Janisch,john_janisch.webp
John Johnson,john_johnson.webp
John Kuester,john_kuester.webp
John Logan,john_logan.webp
John Lucas,john_lucas.webp
John Mahnken,john_mahnken.webp
John McCarthy,john_mccarthy.webp
John McConathy,john_mcconathy.webp
John McGlocklin,john_mcglocklin.webp
John Mills,john_mills.webp
John Murphy,john_murphy.webp
John Richter,john_richter.webp
John Roche,john_roche.webp
John Shumate,john_shumate.webp
John Warren,john_warren.webp
Johnny Barr,johnny_barr.webp
Johnny Cox,johnny_cox.webp
Johnny Green,johnny_green.webp
Johnny Horan,johnny_horan.webp
Johnny Norlander,johnny_norlander.webp
Johnny Simmons,johnny_simmons.webp
Julius Erving,julius_erving.webp
K.C. Jones,k_c_jones.webp
Kareem Abdul-Jabbar,kareem_abdul_jabbar.webp
Keith Wilkes,keith_wilkes.webp
Ken Durrett,ken_durrett.webp
Ken Keller,ken_keller.webp
Ken Sears,ken_sears.webp
Kenny Sailors,kenny_sailors.webp
Kermit Washington,kermit_washington.webp
Kevin Grevey,kevin_grevey.webp
Kevin Loughery,kevin_loughery.webp
Kevin O'Shea,kevin_oshea.webp
Kleggie Hermsen,kleggie_hermsen.webp
Larry Brown,larry_brown.webp
Larry Cannon,larry_cannon.webp
Larry Costello,larry_costello.webp
Larry Foust,larry_foust.webp
Larry Hennessy,larry_hennessy.webp
Larry Kenon,larry_kenon.webp
Larry Killick,larry_killick.webp
Larry Siegfried,larry_siegfried.webp
LaRue Martin,larue_martin.webp
Lee Shaffer,lee_shaffer.webp
Len Chappell,len_chappell.webp
Lenny Wilkens,lenny_wilkens.webp
Leo Barnhorst,leo_barnhorst.webp
Leo Gottlieb,leo_gottlieb.webp
Leo Kubiak,leo_kubiak.webp
Leo Mogus,leo_mogus.webp
Leon Douglas,leon_douglas.webp
Les Hunter,les_hunter.webp
Lew Hitch,lew_hitch.webp
Lionel Hollins,lionel_hollins.webp
Lloyd Free,lloyd_free.webp
Lonnie Shelton,lonnie_shelton.webp
Lou Hudson,lou_hudson.webp
Lou Spicer,lou_spicer.webp
Lou Tsioropoulos,lou_tsioropoulos.webp
Louie Dampier,louie_dampier.webp
Lucious Jackson,lucious_jackson.webp
Lucius Allen,lucius_allen.webp
M.L. Carr,m_l_carr.webp
Marcus Freiberger,marcus_freiberger.webp
Mark Workman,mark_workman.webp
Marty Passaglia,marty_passaglia.webp
Marvin Barnes,marvin_barnes.webp
Marvin Webster,marvin_webster.webp
Matt Guokas,matt_guokas.webp
Maurice Lucas,maurice_lucas.webp
Maurice Stokes,maurice_stokes.webp
Max Zaslofsky,max_zaslofsky.webp
Mel Daniels,mel_daniels.webp
Mel Hirsch,mel_hirsch.webp
Mel Hutchins,mel_hutchins.webp
Mel Payton,mel_payton.webp
Mel Riebe,mel_riebe.webp
Michael Bytzura,michael_bytzura.webp
Mickey Rottner,mickey_rottner.webp
Mike Bantom,mike_bantom.webp
Mike Davis,mike_davis.webp
Mike Farmer,mike_farmer.webp
Mike Green,mike_green.webp
Mike Lewis,mike_lewis.webp
Mike McCarron,mike_mccarron.webp
Mike Sojourner,mike_sojourner.webp
Milt Schoon,milt_schoon.webp
Mitch Kupchak,mitch_kupchak.webp
Moe Becker,moe_becker.webp
Murray Wier,murray_wier.webp
Nat Frankel,nat_frankel.webp
Nat Militzok,nat_militzok.webp
Nate Archibald,nate_archibald.webp
Nate Bowman,nate_bowman.webp
Nate Thurmond,nate_thurmond.webp
Neal Walk,neal_walk.webp
Ned Endress,ned_endress.webp
Nick Shaback,nick_shaback.webp
Norm Baker,norm_baker.webp
Norm Van Lier,norm_van_lier.webp
Oscar Robertson,oscar_robertson.webp
Ossie Schectman,ossie_schectman.webp
Pat Riley,pat_riley.webp
Paul Arizin,paul_arizin.webp
Paul Hoffman,paul_hoffman.webp
Paul Huston,paul_huston.webp
Paul Silas,paul_silas.webp
Paul Walther,paul_walther.webp
Paul Westphal,paul_westphal.webp
Pete Maravich,pete_maravich.webp
Petey Rosenberg,petey_rosenberg.webp
Phil Chenier,phil_chenier.webp
Phil Ford,phil_ford.webp
Phil Jackson,phil_jackson.webp
Phil Smith,phil_smith.webp
Pop Goodwin,pop_goodwin.webp
Press Maravich,press_maravich.webp
Quinn Buckner,quinn_buckner.webp
Ralph Beard,ralph_beard.webp
Ralph Kaplowitz,ralph_kaplowitz.webp
Ralph Polson,ralph_polson.webp
Randy Smith,randy_smith.webp
Ray Felix,ray_felix.webp
Ray Hurley,ray_hurley.webp
Ray Lumpp,ray_lumpp.webp
Ray Ragelis,ray_ragelis.webp
Ray Scott,ray_scott.webp
Ray Wertis,ray_wertis.webp
Red Dehnert,red_dehnert.webp
Red Kerr,red_kerr.webp
Red Mihalik,red_mihalik.webp
Red Rocha,red_rocha.webp
Red Wallace,red_wallace.webp
Richard Washington,richard_washington.webp
Richie Guerin,richie_guerin.webp
Richie Regan,richie_regan.webp
Rick Adelman,rick_adelman.webp
Rick Barry,rick_barry.webp
Rickey Sobers,rickey_sobers.webp
Robert Parish,robert_parish.webp
Rod Thorn,rod_thorn.webp
Roger Brown,roger_brown.webp
Roger Strickland,roger_strickland.webp
Roland Minson,roland_minson.webp
Ron Behagen,ron_behagen.webp
Ron Bontemps,ron_bontemps.webp
Ron Lee,ron_lee.webp
Ron Livingstone,ron_livingstone.webp
Ron Sobie,ron_sobie.webp
Ron Williams,ron_williams.webp
Rudy LaRusso,rudy_larusso.webp
Rudy Tomjanovich,rudy_tomjanovich.webp
Russ Lee,russ_lee.webp
Sam Jones,sam_jones.webp
Sam Lacey,sam_lacey.webp
Sam Ranzino,sam_ranzino.webp
Scott May,scott_may.webp
Scott Wedman,scott_wedman.webp
Scotty Steagall,scotty_steagall.webp
Shellie McMillon,shellie_mcmillon.webp
Si Green,si_green.webp
Sidney Wicks,sidney_wicks.webp
Sonny Hertzberg,sonny_hertzberg.webp
Spencer Haywood,spencer_haywood.webp
Stan Love,stan_love.webp
Stan Miasek,stan_miasek.webp
Stan Noszka,stan_noszka.webp
Stan Stutz,stan_stutz.webp
Steve Mix,steve_mix.webp
Stu Lantz,stu_lantz.webp
Swede Carlson,swede_carlson.webp
Swen Nater,swen_nater.webp
Terry Dischinger,terry_dischinger.webp
Terry Driscoll,terry_driscoll.webp
Togo Palazzi,togo_palazzi.webp
Tom Burleson,tom_burleson.webp
Tom Callahan,tom_callahan.webp
Tom Gola,tom_gola.webp
Tom Hawkins,tom_hawkins.webp
Tom Heinsohn,tom_heinsohn.webp
Tom Hoover,tom_hoover.webp
Tom King,tom_king.webp
Tom Marshall,tom_marshall.webp
Tom Meschery,tom_meschery.webp
Tom Riker,tom_riker.webp
Tom Sanders,tom_sanders.webp
Tom Stith,tom_stith.webp
Tom Thacker,tom_thacker.webp
Tom Van Arsdale,tom_van_arsdale.webp
Tommy Byrnes,tommy_byrnes.webp
Tony Jaros,tony_jaros.webp
Tony Kappen,tony_kappen.webp
Tony Lavelli,tony_lavelli.webp
Truck Robinson,truck_robinson.webp
Vern Gardner,vern_gardner.webp
Vern Hatton,vern_hatton.webp
Vern Mikkelsen,vern_mikkelsen.webp
Virgil Vaughn,virgil_vaughn.webp
Wah Wah Jones,wah_wah_jones.webp
Wally Osterkorn,wally_osterkorn.webp
Wally Walker,wally_walker.webp
Walt Bellamy,walt_bellamy.webp
Walt Budko,walt_budko.webp
Walt Dropo,walt_dropo.webp
Walt Frazier,walt_frazier.webp
Walt Hazzard,walt_hazzard.webp
Walt Miller,walt_miller.webp
Walter Dukes,walter_dukes.webp
Ward Williams,ward_williams.webp
Warren Fenley,warren_fenley.webp
Wat Misaka,wat_misaka.webp
Wayne Embry,wayne_embry.webp
Wayne Hightower,wayne_hightower.webp
Wayne Yates,wayne_yates.webp
Wes Unseld,wes_unseld.webp
Whitey Skoog,whitey_skoog.webp
Wibs Kautz,wibs_kautz.webp
Willie Merriweather,willie_merriweather.webp
Willie Naulls,willie_naulls.webp
Willis Reed,willis_reed.webp
Wilt Chamberlain,wilt_chamberlain.webp
Win Wilfong,win_wilfong.webp
Woody Sauldsberry,woody_sauldsberry.webp
Wyndol Gray,wyndol_gray.webp
York Larese,york_larese.webp
Zeke Sinicola,zeke_sinicola.webp
Zelmo Beaty,zelmo_beaty.webp
