team,player,portrait_filename
"Boston Celtics","Al Brightman",al_brightman.webp
"Boston Celtics","Chuck Connors",chuck_connors.webp
"Boston Celtics","Warren Fenley",warren_fenley.webp
"Boston Celtics","Wyndol Gray",wyndol_gray.webp
"Boston Celtics","Mel Hirsch",mel_hirsch.webp
"Boston Celtics","Tony Kappen",tony_kappen.webp
"Boston Celtics","Harold Kottman",harold_kottman.webp
"Boston Celtics","Connie Simmons",connie_simmons.webp
"Boston Celtics","Johnny Simmons",johnny_simmons.webp
"Boston Celtics","Art Spector",art_spector.webp
"Boston Celtics","Virgil Vaughn",virgil_vaughn.webp
"Boston Celtics","Red Wallace",red_wallace.webp
"Chicago Stags","Norm Baker",norm_baker.webp
"Chicago Stags","Swede Carlson",swede_carlson.webp
"Chicago Stags","Bill Davis",bill_davis.webp
"Chicago Stags","Bob Duffy",bob_duffy.webp
"Chicago Stags","Chuck Gilmur",chuck_gilmur.webp
"Chicago Stags","Chick Halbert",chick_halbert.webp
"Chicago Stags","Tony Jaros",tony_jaros.webp
"Chicago Stags","Wibs Kautz",wibs_kautz.webp
"Chicago Stags","Doyle Parrack",doyle_parrack.webp
"Chicago Stags","Mickey Rottner",mickey_rottner.webp
"Chicago Stags","Jim Seminoff",jim_seminoff.webp
"Chicago Stags","Max Zaslofsky",max_zaslofsky.webp
"Cleveland Rebels","Frankie Baumholtz",frankie_baumholtz.webp
"Cleveland Rebels","Ned Endress",ned_endress.webp
"Cleveland Rebels","Bob Faught",bob_faught.webp
"Cleveland Rebels","Kleggie Hermsen",kleggie_hermsen.webp
"Cleveland Rebels","Leo Mogus",leo_mogus.webp
"Cleveland Rebels","Mel Riebe",mel_riebe.webp
"Cleveland Rebels","Irv Rothenberg",irv_rothenberg.webp
"Cleveland Rebels","Kenny Sailors",kenny_sailors.webp
"Cleveland Rebels","Ben Scharnus",ben_scharnus.webp
"Cleveland Rebels","Dick Schulz",dick_schulz.webp
"Cleveland Rebels","Nick Shaback",nick_shaback.webp
"Detroit Falcons","Chet Aubuchon",chet_aubuchon.webp
"Detroit Falcons","Harold Brown",harold_brown.webp
"Detroit Falcons","Bob Dille",bob_dille.webp
"Detroit Falcons","John Janisch",john_janisch.webp
"Detroit Falcons","Tom King",tom_king.webp
"Detroit Falcons","Grady Lewis",grady_lewis.webp
"Detroit Falcons","Ariel Maughan",ariel_maughan.webp
"Detroit Falcons","Stan Miasek",stan_miasek.webp
"Detroit Falcons","George Pearcy",george_pearcy.webp
"Detroit Falcons","Henry Pearcy",henry_pearcy.webp
"Detroit Falcons","Milt Schoon",milt_schoon.webp
"New York Knicks","Tommy Byrnes",tommy_byrnes.webp
"New York Knicks","Bob Cluggish",bob_cluggish.webp
"New York Knicks","Leo Gottlieb",leo_gottlieb.webp
"New York Knicks","Sonny Hertzberg",sonny_hertzberg.webp
"New York Knicks","Ralph Kaplowitz",ralph_kaplowitz.webp
"New York Knicks","Nat Militzok",nat_militzok.webp
"New York Knicks","Bob Mullens",bob_mullens.webp
"New York Knicks","Dick Murphy",dick_murphy.webp
"New York Knicks","Hank Rosenstein",hank_rosenstein.webp
"New York Knicks","Ossie Schectman",ossie_schectman.webp
"New York Knicks","Stan Stutz",stan_stutz.webp
"New York Knicks","Jake Weber",jake_weber.webp
"Philadelphia Warriors","Howie Dallmar",howie_dallmar.webp
"Philadelphia Warriors","Jerry Fleishman",jerry_fleishman.webp
"Philadelphia Warriors","Joe Fulks",joe_fulks.webp
"Philadelphia Warriors","Matt Guokas",matt_guokas.webp
"Philadelphia Warriors","Art Hillhouse",art_hillhouse.webp
"Philadelphia Warriors","John Murphy",john_murphy.webp
"Philadelphia Warriors","Angelo Musi",angelo_musi.webp
"Philadelphia Warriors","Petey Rosenberg",petey_rosenberg.webp
"Philadelphia Warriors","Jerry Rullo",jerry_rullo.webp
"Philadelphia Warriors","George Senesky",george_senesky.webp
"Philadelphia Warriors","Fred Sheffield",fred_sheffield.webp
"Pittsburgh Ironmen","John Abramovic",john_abramovic.webp
"Pittsburgh Ironmen","Moe Becker",moe_becker.webp
"Pittsburgh Ironmen","Michael Bytzura",michael_bytzura.webp
"Pittsburgh Ironmen","Joe Fabel",joe_fabel.webp
"Pittsburgh Ironmen","Nat Frankel",nat_frankel.webp
"Pittsburgh Ironmen","Press Maravich",press_maravich.webp
"Pittsburgh Ironmen","Ed Melvin",ed_melvin.webp
"Pittsburgh Ironmen","Red Mihalik",red_mihalik.webp
"Pittsburgh Ironmen","Walt Miller",walt_miller.webp
"Pittsburgh Ironmen","John Mills",john_mills.webp
"Pittsburgh Ironmen","Stan Noszka",stan_noszka.webp
"Pittsburgh Ironmen","Harry Zeller",harry_zeller.webp
"Providence Steamrollers","Hank Beenders",hank_beenders.webp
"Providence Steamrollers","Tom Callahan",tom_callahan.webp
"Providence Steamrollers","Ernie Calverley",ernie_calverley.webp
"Providence Steamrollers","Armand Cure",armand_cure.webp
"Providence Steamrollers","Red Dehnert",red_dehnert.webp
"Providence Steamrollers","Pop Goodwin",pop_goodwin.webp
"Providence Steamrollers","Ken Keller",ken_keller.webp
"Providence Steamrollers","Dino Martin",dino_martin.webp
"Providence Steamrollers","George Mearns",george_mearns.webp
"Providence Steamrollers","Earl Shannon",earl_shannon.webp
"Providence Steamrollers","Bob Shea",bob_shea.webp
"Providence Steamrollers","Lou Spicer",lou_spicer.webp
"St. Louis Bombers","Herk Baltimore",herk_baltimore.webp
"St. Louis Bombers","Johnny Barr",johnny_barr.webp
"St. Louis Bombers","Aubrey Davis",aubrey_davis.webp
"St. Louis Bombers","Bob Doll",bob_doll.webp
"St. Louis Bombers","Cecil Hankins",cecil_hankins.webp
"St. Louis Bombers","Fred Jacobs",fred_jacobs.webp
"St. Louis Bombers","John Logan",john_logan.webp
"St. Louis Bombers","Don Martin",don_martin.webp
"St. Louis Bombers","George Munroe",george_munroe.webp
"St. Louis Bombers","Don Putman",don_putman.webp
"St. Louis Bombers","Gifford Roux",gifford_roux.webp
"St. Louis Bombers","Deb Smith",deb_smith.webp
"Toronto Huskies","Hank Biasatti",hank_biasatti.webp
"Toronto Huskies","Bob Fitzgerald",bob_fitzgerald.webp
"Toronto Huskies","Dick Fitzgerald",dick_fitzgerald.webp
"Toronto Huskies","Frank Fucarino",frank_fucarino.webp
"Toronto Huskies","Chuck Hoefer",chuck_hoefer.webp
"Toronto Huskies","Ray Hurley",ray_hurley.webp
"Toronto Huskies","Mike McCarron",mike_mccarron.webp
"Toronto Huskies","Harry Miller",harry_miller.webp
"Toronto Huskies","George Nostrand",george_nostrand.webp
"Toronto Huskies","Ed Sadowski",ed_sadowski.webp
"Toronto Huskies","Ray Wertis",ray_wertis.webp
"Toronto Huskies","Gino Sovran",gino_sovran.webp
"Washington Capitols","Bob Feerick",bob_feerick.webp
"Washington Capitols","Gene Gallette",gene_gallette.webp
"Washington Capitols","Ben Goldfaden",ben_goldfaden.webp
"Washington Capitols","Allie Lujack",allie_lujack.webp
"Washington Capitols","John Mahnken",john_mahnken.webp
"Washington Capitols","Bones McKinney",bones_mckinney.webp
"Washington Capitols","Johnny Norlander",johnny_norlander.webp
"Washington Capitols","Al Negratti",al_negratti.webp
"Washington Capitols","Buddy O'Grady",buddy_ogrady.webp
"Washington Capitols","Marty Passaglia",marty_passaglia.webp
"Washington Capitols","Fred Scolari",fred_scolari.webp
"Washington Capitols","Irv Torgoff",irv_torgoff.webp