player,portrait_filename,year_or_roster
A.C. Green,a_c_green.webp,1985
Aaron Gordon,aaron_gordon.webp,2014
Aaron McKie,aaron_mckie.webp,1994
Ace Bailey,ace_bailey.webp,2025
Adam Morrison,adam_morrison.webp,2006
Adrian Dantley,adrian_dantley.webp,1976
Adrian Smith,adrian_smith.webp,1958
AJ Dybantsa,aj_dybantsa.webp,2026
Al Attles,al_attles.webp,1960
Al Bianchi,al_bianchi.webp,1954
Al Brightman,al_brightman.webp,
Al Bunge,al_bunge.webp,1961
Al Butler,al_butler.webp,1960
Al Harrington,al_harrington.webp,1998
Al Horford,al_horford.webp,2007
Al Jefferson,al_jefferson.webp,2004
Al McGuire,al_mcguire.webp,1951
Al Negratti,al_negratti.webp,
Al Wood,al_wood.webp,1981
Alex English,alex_english.webp,1976
Alex Groza,alex_groza.webp,1949
Alex Hannum,alex_hannum.webp,1948
Alex Len,alex_len.webp,2013
Alex Sarr,alex_sarr.webp,2024
Allan Houston,allan_houston.webp,1993
Allen Iverson,allen_iverson.webp,1996
Allie Lujack,allie_lujack.webp,
Alonzo Mourning,alonzo_mourning.webp,1992
Alperen Sengun,alperen_sengun.webp,2021
Alvan Adams,alvan_adams.webp,1975
Alvin Robertson,alvin_robertson.webp,1984
Amar'e Stoudemire,amare_stoudemire.webp,2002
Amen Thompson,amen_thompson.webp,2023
Andre Drummond,andre_drummond.webp,2012
Andre Iguodala,andre_iguodala.webp,2004
Andre Miller,andre_miller.webp,1999
Andrea Bargnani,andrea_bargnani.webp,2006
Andrew Bogut,andrew_bogut.webp,2005
Andrew Bynum,andrew_bynum.webp,2005
Andrew Nembhard,andrew_nembhard.webp,2022
Andrew Toney,andrew_toney.webp,1980
Andrew Wiggins,andrew_wiggins.webp,2014
Andy Phillip,andy_phillip.webp,1947
Andy Tonkovich,andy_tonkovich.webp,1948
Anfernee Hardaway,anfernee_hardaway.webp,1993
Angelo Musi,angelo_musi.webp,
Antawn Jamison,antawn_jamison.webp,1998
Anthony Bennett,anthony_bennett.webp,2013
Anthony Black,anthony_black.webp,2023
Anthony Davis,anthony_davis.webp,2012
Anthony Edwards,anthony_edwards.webp,2020
Anthony Mason,anthony_mason.webp,1988
Antoine Walker,antoine_walker.webp,1996
Antonio Daniels,antonio_daniels.webp,1997
Antonio Davis,antonio_davis.webp,1990
Antonio McDyess,antonio_mcdyess.webp,1995
Archie Dees,archie_dees.webp,1958
Ariel Maughan,ariel_maughan.webp,
Armand Cure,armand_cure.webp,
Armon Gilliam,armon_gilliam.webp,1987
Arnold Short,arnold_short.webp,1954
Arron Afflalo,arron_afflalo.webp,2007
Art Harris,art_harris.webp,1968
Art Heyman,art_heyman.webp,1963
Art Hillhouse,art_hillhouse.webp,
Art Spector,art_spector.webp,
Art Spoelstra,art_spoelstra.webp,1954
Artis Gilmore,artis_gilmore.webp,1971
Arvydas Sabonis,arvydas_sabonis.webp,1986
Aubrey Davis,aubrey_davis.webp,
Ausar Thompson,ausar_thompson.webp,2023
Austin Carr,austin_carr.webp,1971
B.J. Armstrong,b_j_armstrong.webp,1989
Bailey Howell,bailey_howell.webp,1959
Bam Adebayo,bam_adebayo.webp,2017
Baron Davis,baron_davis.webp,1999
Bato Govedarica,bato_govedarica.webp,1951
Ben Goldfaden,ben_goldfaden.webp,
Ben Gordon,ben_gordon.webp,2004
Ben Scharnus,ben_scharnus.webp,
Ben Simmons,ben_simmons.webp,2016
Ben Wallace,ben_wallace.webp,1996
Bennedict Mathurin,bennedict_mathurin.webp,2022
Benoit Benjamin,benoit_benjamin.webp,1985
Bernard King,bernard_king.webp,1977
Bilal Coulibaly,bilal_coulibaly.webp,2023
Bill Bradley,bill_bradley.webp,1965
Bill Bridges,bill_bridges.webp,1961
Bill Buntin,bill_buntin.webp,1965
Bill Cartwright,bill_cartwright.webp,1979
Bill Davis,bill_davis.webp,
Bill Gabor,bill_gabor.webp,1948
Bill Garnett,bill_garnett.webp,1982
Bill Garrett,bill_garrett.webp,1951
Bill Gossett,bill_gossett.webp,1951
Bill Hewitt,bill_hewitt.webp,1968
Bill Kenville,bill_kenville.webp,1953
Bill Laimbeer,bill_laimbeer.webp,1979
Bill Mann,bill_mann.webp,1951
Bill Mlkvy,bill_mlkvy.webp,1952
Bill Russell,bill_russell.webp,1956
Bill Sharman,bill_sharman.webp,1950
Bill Walton,bill_walton.webp,1974
Billy Cunningham,billy_cunningham.webp,1965
Billy Knight,billy_knight.webp,1974
Billy McGill,billy_mcgill.webp,1962
Billy Owens,billy_owens.webp,1991
Billy Paultz,billy_paultz.webp,1973
Blake Griffin,blake_griffin.webp,2009
Bo Kimble,bo_kimble.webp,1990
Bob Boozer,bob_boozer.webp,1959
Bob Burrow,bob_burrow.webp,1956
Bob Cluggish,bob_cluggish.webp,
Bob Cousy,bob_cousy.webp,1950
Bob Dandridge,bob_dandridge.webp,1969
Bob Dille,bob_dille.webp,
Bob Doll,bob_doll.webp,
Bob Donham,bob_donham.webp,1950
Bob Duffy,bob_duffy.webp,
Bob Faught,bob_faught.webp,
Bob Feerick,bob_feerick.webp,
Bob Ferry,bob_ferry.webp,1959
Bob Fitzgerald,bob_fitzgerald.webp,
Bob Gale,bob_gale.webp,1948
Bob Harris,bob_harris.webp,1949
Bob Harrison,bob_harrison.webp,1949
Bob Houbregs,bob_houbregs.webp,1953
Bob Kauffman,bob_kauffman.webp,1968
Bob Lanier,bob_lanier.webp,1970
Bob Lavoy,bob_lavoy.webp,1950
Bob Leonard,bob_leonard.webp,1954
Bob Lochmueller,bob_lochmueller.webp,1952
Bob Love,bob_love.webp,1965
Bob Mattick,bob_mattick.webp,1954
Bob McAdoo,bob_mcadoo.webp,1972
Bob Mullens,bob_mullens.webp,
Bob Nash,bob_nash.webp,1972
Bob Pettit,bob_pettit.webp,1954
Bob Rule,bob_rule.webp,1967
Bob Shea,bob_shea.webp,
Bob Stauffer,bob_stauffer.webp,1952
Bob Wiesenhahn,bob_wiesenhahn.webp,1961
Bob Zawoluk,bob_zawoluk.webp,1952
Bobby Gross,bobby_gross.webp,1975
Bobby Hurley,bobby_hurley.webp,1993
Bobby Jones,bobby_jones.webp,1974
Bobby Phills,bobby_phills.webp,1991
Bobby Wanzer,bobby_wanzer.webp,1948
Bojan Bogdanovic,bojan_bogdanovic.webp,2011
Bones McKinney,bones_mckinney.webp,
Boris Diaw,boris_diaw.webp,2003
Boris Nachamkin,boris_nachamkin.webp,1954
Brad Daugherty,brad_daugherty.webp,1986
Bradley Beal,bradley_beal.webp,2012
Brandin Podziemski,brandin_podziemski.webp,2023
Brandon Ingram,brandon_ingram.webp,2016
Brandon Miller,brandon_miller.webp,2023
Brandon Roy,brandon_roy.webp,2006
Brayden Burries,brayden_burries.webp,2026
Brent Barry,brent_barry.webp,1995
Brian Grant,brian_grant.webp,1994
Brian Taylor,brian_taylor.webp,1972
Brian Winters,brian_winters.webp,1974
Bronny James,bronny_james.webp,2024
Brook Lopez,brook_lopez.webp,2008
Bruce Bowen,bruce_bowen.webp,1993
Bryant Reeves,bryant_reeves.webp,1995
Buck Williams,buck_williams.webp,1981
Buddy Hield,buddy_hield.webp,2016
Buddy O'Grady,buddy_ogrady.webp,
Bulbs Ehlers,bulbs_ehlers.webp,1947
Butch Beard,butch_beard.webp,1969
Byron Scott,byron_scott.webp,1983
Cade Cunningham,cade_cunningham.webp,2021
Calbert Cheaney,calbert_cheaney.webp,1993
Caldwell Jones,caldwell_jones.webp,1973
Caleb Wilson,caleb_wilson.webp,2026
Calvin Murphy,calvin_murphy.webp,1970
Calvin Natt,calvin_natt.webp,1979
Cam Reddish,cam_reddish.webp,2019
Cam Thomas,cam_thomas.webp,2021
Cam Whitmore,cam_whitmore.webp,2023
Cameron Boozer,cameron_boozer.webp,2026
Cameron Johnson,cameron_johnson.webp,2019
Campy Russell,campy_russell.webp,1974
Caris LeVert,caris_levert.webp,2016
Carlos Boozer,carlos_boozer.webp,2002
Carmelo Anthony,carmelo_anthony.webp,2003
Caron Butler,caron_butler.webp,2002
Cason Wallace,cason_wallace.webp,2023
Cazzie Russell,cazzie_russell.webp,1966
Cecil Hankins,cecil_hankins.webp,
Cedric Ceballos,cedric_ceballos.webp,1990
Cedric Coward,cedric_coward.webp,2025
Cedric Maxwell,cedric_maxwell.webp,1977
Channing Frye,channing_frye.webp,2005
Charles Barkley,charles_barkley.webp,1984
Charles Oakley,charles_oakley.webp,1985
Charles Smith,charles_smith.webp,1988
Charlie Paulk,charlie_paulk.webp,1968
Charlie Scott,charlie_scott.webp,1970
Charlie Tyra,charlie_tyra.webp,1957
Charlie Villanueva,charlie_villanueva.webp,2005
Chauncey Billups,chauncey_billups.webp,1997
Chet Aubuchon,chet_aubuchon.webp,
Chet Holmgren,chet_holmgren.webp,2022
Chet Walker,chet_walker.webp,1962
Chick Halbert,chick_halbert.webp,
Chink Crossin,chink_crossin.webp,1947
Chris Bosh,chris_bosh.webp,2003
Chris Gatling,chris_gatling.webp,1991
Chris Jackson,chris_jackson.webp,1990
Chris Kaman,chris_kaman.webp,2003
Chris Morris,chris_morris.webp,1988
Chris Mullin,chris_mullin.webp,1985
Chris Paul,chris_paul.webp,2005
Chris Washburn,chris_washburn.webp,1986
Chris Webber,chris_webber.webp,1993
Christian Laettner,christian_laettner.webp,1992
Chuck Connors,chuck_connors.webp,
Chuck Cooper,chuck_cooper.webp,1950
Chuck Darling,chuck_darling.webp,1952
Chuck Gilmur,chuck_gilmur.webp,
Chuck Hanger,chuck_hanger.webp,1948
Chuck Hoefer,chuck_hoefer.webp,
Chuck Noble,chuck_noble.webp,1954
Chuck Person,chuck_person.webp,1986
Chuck Share,chuck_share.webp,1950
CJ McCollum,cj_mccollum.webp,2013
Clarence Weatherspoon,clarence_weatherspoon.webp,1992
Clem Haskins,clem_haskins.webp,1967
Cleo Hill,cleo_hill.webp,1961
Cliff Hagan,cliff_hagan.webp,1953
Clifford Ray,clifford_ray.webp,1971
Clifford Robinson,clifford_robinson.webp,1989
Clifton McNeely,clifton_mcneely.webp,1947
Clint Capela,clint_capela.webp,2014
Clyde Drexler,clyde_drexler.webp,1983
Clyde Lee,clyde_lee.webp,1966
Clyde Lovellette,clyde_lovellette.webp,1952
Coby White,coby_white.webp,2019
Cody Williams,cody_williams.webp,2024
Cody Zeller,cody_zeller.webp,2013
Cole Anthony,cole_anthony.webp,2020
Collin Murray-Boyles,collin_murray_boyles.webp,2025
Collin Sexton,collin_sexton.webp,2018
Connie Hawkins,connie_hawkins.webp,1967
Connie Simmons,connie_simmons.webp,
Cooper Flagg,cooper_flagg.webp,2025
Corky Calhoun,corky_calhoun.webp,1972
Curtis Rowe,curtis_rowe.webp,1971
Cuttino Mobley,cuttino_mobley.webp,1998
Dale Davis,dale_davis.webp,1991
Dale Ellis,dale_ellis.webp,1983
Dalton Knecht,dalton_knecht.webp,2024
Damian Lillard,damian_lillard.webp,2012
Damon Stoudamire,damon_stoudamire.webp,1995
Dan Issel,dan_issel.webp,1970
Dan Majerle,dan_majerle.webp,1988
Dan Roundfield,dan_roundfield.webp,1975
Dana Barros,dana_barros.webp,1989
D'Angelo Russell,dangelo_russell.webp,2015
Danilo Gallinari,danilo_gallinari.webp,2008
Danny Ainge,danny_ainge.webp,1981
Danny Ferry,danny_ferry.webp,1989
Danny Fortson,danny_fortson.webp,1997
Danny Granger,danny_granger.webp,2005
Danny Green,danny_green.webp,2009
Danny Manning,danny_manning.webp,1988
Danny Vranes,danny_vranes.webp,1981
Dante Exum,dante_exum.webp,2014
Darel Carrier,darel_carrier.webp,1967
Darius Garland,darius_garland.webp,2019
Darius Miles,darius_miles.webp,2000
Darko Milicic,darko_milicic.webp,2003
Darrall Imhoff,darrall_imhoff.webp,1960
Darrell Griffith,darrell_griffith.webp,1980
Darryl Dawkins,darryl_dawkins.webp,1975
Darryn Peterson,darryn_peterson.webp,2026
Dave Bing,dave_bing.webp,1966
Dave Budd,dave_budd.webp,1959
Dave Cowens,dave_cowens.webp,1970
Dave DeBusschere,dave_debusschere.webp,1962
Dave Gambee,dave_gambee.webp,1958
Dave Stallworth,dave_stallworth.webp,1965
David Greenwood,david_greenwood.webp,1979
David Lee,david_lee.webp,2005
David Meyers,david_meyers.webp,1975
David Robinson,david_robinson.webp,1987
David Thompson,david_thompson.webp,1975
David West,david_west.webp,2003
Davion Mitchell,davion_mitchell.webp,2021
De'Aaron Fox,deaaron_fox.webp,2017
Deandre Ayton,deandre_ayton.webp,2018
De'Andre Hunter,deandre_hunter.webp,2019
DeAndre Jordan,deandre_jordan.webp,2008
Deb Smith,deb_smith.webp,
Dejounte Murray,dejounte_murray.webp,2016
Dell Curry,dell_curry.webp,1986
DeMar DeRozan,demar_derozan.webp,2009
DeMarcus Cousins,demarcus_cousins.webp,2010
Deni Avdija,deni_avdija.webp,2020
Dennis Hopson,dennis_hopson.webp,1987
Dennis Johnson,dennis_johnson.webp,1976
Dennis Rodman,dennis_rodman.webp,1986
Dennis Scott,dennis_scott.webp,1990
Dereck Lively II,dereck_lively_ii.webp,2023
Derek Anderson,derek_anderson.webp,1997
Derek Fisher,derek_fisher.webp,1996
Derek Harper,derek_harper.webp,1983
Derik Queen,derik_queen.webp,2025
Deron Williams,deron_williams.webp,2005
Derrick Coleman,derrick_coleman.webp,1990
Derrick Favors,derrick_favors.webp,2010
Derrick Rose,derrick_rose.webp,2008
Derrick White,derrick_white.webp,2017
Derrick Williams,derrick_williams.webp,2011
Desmond Bane,desmond_bane.webp,2020
Desmond Mason,desmond_mason.webp,2000
Detlef Schrempf,detlef_schrempf.webp,1985
Devin Booker,devin_booker.webp,2015
Devin Harris,devin_harris.webp,2004
Devin Vassell,devin_vassell.webp,2020
Dick Barnett,dick_barnett.webp,1959
Dick Farley,dick_farley.webp,1954
Dick Fitzgerald,dick_fitzgerald.webp,
Dick Garmaker,dick_garmaker.webp,1954
Dick Groat,dick_groat.webp,1952
Dick Holub,dick_holub.webp,1947
Dick McGuire,dick_mcguire.webp,1949
Dick Murphy,dick_murphy.webp,
Dick O'Keefe,dick_okeefe.webp,1947
Dick Ricketts,dick_ricketts.webp,1955
Dick Rosenthal,dick_rosenthal.webp,1954
Dick Schnittker,dick_schnittker.webp,1950
Dick Schulz,dick_schulz.webp,
Dick Van Arsdale,dick_van_arsdale.webp,1965
Dike Eddleman,dike_eddleman.webp,1949
Dikembe Mutombo,dikembe_mutombo.webp,1991
Dino Martin,dino_martin.webp,
Dion Waiters,dion_waiters.webp,2012
Dirk Nowitzki,dirk_nowitzki.webp,1998
Doc Rivers,doc_rivers.webp,1983
Dolph Schayes,dolph_schayes.webp,1948
Domantas Sabonis,domantas_sabonis.webp,2016
Dominique Wilkins,dominique_wilkins.webp,1982
Don Chaney,don_chaney.webp,1968
Don Kojis,don_kojis.webp,1961
Don Lofgran,don_lofgran.webp,1950
Don Martin,don_martin.webp,
Don May,don_may.webp,1968
Don Meineke,don_meineke.webp,1952
Don Nelson,don_nelson.webp,1962
Don Ohl,don_ohl.webp,1958
Don Putman,don_putman.webp,
Don Ray,don_ray.webp,1948
Don Rehfeldt,don_rehfeldt.webp,1950
Don Savage,don_savage.webp,1951
Don Sunderlage,don_sunderlage.webp,1951
Donovan Clingan,donovan_clingan.webp,2024
Donovan Mitchell,donovan_mitchell.webp,2017
Donte DiVincenzo,donte_divincenzo.webp,2018
Donyell Marshall,donyell_marshall.webp,1994
Doug Collins,doug_collins.webp,1973
Doug Moe,doug_moe.webp,1961
Doug Smith,doug_smith.webp,1991
Doyle Parrack,doyle_parrack.webp,
Dragan Bender,dragan_bender.webp,2016
Draymond Green,draymond_green.webp,2012
Drew Gooden,drew_gooden.webp,2002
Dwight Davis,dwight_davis.webp,1972
Dwight Howard,dwight_howard.webp,2004
Dwight Jones,dwight_jones.webp,1973
Dwight Morrison,dwight_morrison.webp,1954
Dwyane Wade,dwyane_wade.webp,2003
Dylan Harper,dylan_harper.webp,2025
Dyson Daniels,dyson_daniels.webp,2022
Earl Lloyd,earl_lloyd.webp,1950
Earl Monroe,earl_monroe.webp,1967
Earl Shannon,earl_shannon.webp,
Ed Conlin,ed_conlin.webp,1955
Ed Kalafat,ed_kalafat.webp,1954
Ed Macauley,ed_macauley.webp,1949
Ed Melvin,ed_melvin.webp,
Ed Mikan,ed_mikan.webp,1948
Ed Ratleff,ed_ratleff.webp,1973
Ed Sadowski,ed_sadowski.webp,
Ed Smith,ed_smith.webp,1951
Eddie Johnson,eddie_johnson.webp,1977
Eddie Jones,eddie_jones.webp,1994
Eddie Miles,eddie_miles.webp,1963
Eddy Curry,eddy_curry.webp,2001
Egor Demin,egor_demin.webp,2025
Elgin Baylor,elgin_baylor.webp,1958
Elmore Smith,elmore_smith.webp,1971
Elton Brand,elton_brand.webp,1999
Elvin Hayes,elvin_hayes.webp,1968
Em Bryant,em_bryant.webp,1966
Emeka Okafor,emeka_okafor.webp,2004
Enes Kanter,enes_kanter.webp,2011
Eric Bledsoe,eric_bledsoe.webp,2010
Eric Gordon,eric_gordon.webp,2008
Eric Snow,eric_snow.webp,1995
Ernie Barrett,ernie_barrett.webp,1951
Ernie Beck,ernie_beck.webp,1953
Ernie Calverley,ernie_calverley.webp,
Ernie DiGregorio,ernie_digregorio.webp,1973
Ernie Vandeweghe,ernie_vandeweghe.webp,1949
Erwin Mueller,erwin_mueller.webp,1966
Evan Mobley,evan_mobley.webp,2021
Evan Turner,evan_turner.webp,2010
Fat Lever,fat_lever.webp,1982
Felton Spencer,felton_spencer.webp,1990
Flynn Robinson,flynn_robinson.webp,1965
Frank Fucarino,frank_fucarino.webp,
Frank Howard,frank_howard.webp,1959
Frank Ramsey,frank_ramsey.webp,1953
Frank Saul,frank_saul.webp,1949
Frank Selvy,frank_selvy.webp,1954
Frankie Baumholtz,frankie_baumholtz.webp,
Franz Wagner,franz_wagner.webp,2021
Fred Boyd,fred_boyd.webp,1972
Fred Brown,fred_brown.webp,1971
Fred Hetzel,fred_hetzel.webp,1965
Fred Jacobs,fred_jacobs.webp,
Fred Schaus,fred_schaus.webp,1949
Fred Scolari,fred_scolari.webp,
Fred Sheffield,fred_sheffield.webp,
Freddie Lewis,freddie_lewis.webp,1967
Gail Goodrich,gail_goodrich.webp,1965
Gar Heard,gar_heard.webp,1970
Gary Payton,gary_payton.webp,1990
Gary Phillips,gary_phillips.webp,1962
Gary Trent Jr.,gary_trent_jr.webp,2018
Gene Conley,gene_conley.webp,1952
Gene Gallette,gene_gallette.webp,
Gene Melchiorre,gene_melchiorre.webp,1951
Gene Shue,gene_shue.webp,1954
Gene Wiley,gene_wiley.webp,1960
Geoff Petrie,geoff_petrie.webp,1970
George Bon Salle,george_bon_salle.webp,1957
George Gervin,george_gervin.webp,1972
George Hauptfuhrer,george_hauptfuhrer.webp,1948
George Hill,george_hill.webp,2008
George Kaftan,george_kaftan.webp,1949
George Kok,george_kok.webp,1948
George McCloud,george_mccloud.webp,1989
George McGinnis,george_mcginnis.webp,1971
George Mearns,george_mearns.webp,
George Munroe,george_munroe.webp,
George Nostrand,george_nostrand.webp,
George Pearcy,george_pearcy.webp,
George Senesky,george_senesky.webp,
George Stanich,george_stanich.webp,1950
George Trapp,george_trapp.webp,1971
George Wilson,george_wilson.webp,1964
George Yardley,george_yardley.webp,1950
Gerald Wallace,gerald_wallace.webp,2001
Gerry Ward,gerry_ward.webp,1963
Giannis Antetokounmpo,giannis_antetokounmpo.webp,2013
Gifford Roux,gifford_roux.webp,
Gilbert Arenas,gilbert_arenas.webp,2001
Gino Sovran,gino_sovran.webp,
Glen Rice,glen_rice.webp,1989
Glen Selbo,glen_selbo.webp,1947
Glenn Kammeyer,glenn_kammeyer.webp,1951
Glenn Robinson,glenn_robinson.webp,1994
Goran Dragic,goran_dragic.webp,2008
Gordon Hayward,gordon_hayward.webp,2010
Gradey Dick,gradey_dick.webp,2023
Grady Lewis,grady_lewis.webp,
Grant Hill,grant_hill.webp,1994
Greg Kelser,greg_kelser.webp,1979
Greg Monroe,greg_monroe.webp,2010
Greg Oden,greg_oden.webp,2007
Gus Johnson,gus_johnson.webp,1963
Gus Williams,gus_williams.webp,1975
Guy Rodgers,guy_rodgers.webp,1958
Hakeem Olajuwon,hakeem_olajuwon.webp,1984
Hal Greer,hal_greer.webp,1958
Hal Lear,hal_lear.webp,1956
Hank Beenders,hank_beenders.webp,
Hank Biasatti,hank_biasatti.webp,
Hank Rosenstein,hank_rosenstein.webp,
Happy Hairston,happy_hairston.webp,1964
Harold Brown,harold_brown.webp,
Harold Kottman,harold_kottman.webp,
Harrison Barnes,harrison_barnes.webp,2012
Harry Gallatin,harry_gallatin.webp,1947
Harry Miller,harry_miller.webp,
Harry Zeller,harry_zeller.webp,
Hasheem Thabeet,hasheem_thabeet.webp,2009
Hassan Whiteside,hassan_whiteside.webp,2010
Hedo Turkoglu,hedo_turkoglu.webp,2000
Henry Finkel,henry_finkel.webp,1966
Henry Pearcy,henry_pearcy.webp,
Herb Jones,herb_jones.webp,2021
Herk Baltimore,herk_baltimore.webp,
Hersey Hawkins,hersey_hawkins.webp,1988
Horace Grant,horace_grant.webp,1987
Hot Rod Hundley,hot_rod_hundley.webp,1957
Howard Komives,howard_komives.webp,1964
Howie Dallmar,howie_dallmar.webp,
Howie Shannon,howie_shannon.webp,1949
Hub Reed,hub_reed.webp,1962
Immanuel Quickley,immanuel_quickley.webp,2020
Irv Rothenberg,irv_rothenberg.webp,
Irv Torgoff,irv_torgoff.webp,
Irwin Dambrot,irwin_dambrot.webp,1950
Isaac Okoro,isaac_okoro.webp,2020
Isaiah Rider,isaiah_rider.webp,1993
Isaiah Thomas,isaiah_thomas.webp,2011
Isiah Thomas,isiah_thomas.webp,1981
Ivica Zubac,ivica_zubac.webp,2016
J.J. Redick,j_j_redick.webp,2006
J.R. Reid,j_r_reid.webp,1989
Ja Morant,ja_morant.webp,2019
Jabari Parker,jabari_parker.webp,2014
Jabari Smith Jr.,jabari_smith_jr.webp,2022
Jack Coleman,jack_coleman.webp,1949
Jack Foley,jack_foley.webp,1962
Jack George,jack_george.webp,1953
Jack Kerris,jack_kerris.webp,1949
Jack Kiley,jack_kiley.webp,1951
Jack Marin,jack_marin.webp,1966
Jack McMahon,jack_mcmahon.webp,1952
Jack Molinas,jack_molinas.webp,1953
Jack Nichols,jack_nichols.webp,1948
Jack Sikma,jack_sikma.webp,1977
Jack Stephens,jack_stephens.webp,1955
Jack Stone,jack_stone.webp,1951
Jack Turner,jack_turner.webp,1954
Jack Twyman,jack_twyman.webp,1955
Jack Underman,jack_underman.webp,1947
Jackie Moreland,jackie_moreland.webp,1960
Jaden Ivey,jaden_ivey.webp,2022
Jae Crowder,jae_crowder.webp,2012
Jahlil Okafor,jahlil_okafor.webp,2015
Jaime Jaquez Jr.,jaime_jaquez_jr.webp,2023
Jake Fendley,jake_fendley.webp,1951
Jake Weber,jake_weber.webp,
Jalen Brunson,jalen_brunson.webp,2018
Jalen Duren,jalen_duren.webp,2022
Jalen Green,jalen_green.webp,2021
Jalen Johnson,jalen_johnson.webp,2021
Jalen Rose,jalen_rose.webp,1994
Jalen Suggs,jalen_suggs.webp,2021
Jalen Williams,jalen_williams.webp,2022
Jamaal Magloire,jamaal_magloire.webp,2000
Jamal Crawford,jamal_crawford.webp,2000
Jamal Mashburn,jamal_mashburn.webp,1993
Jamal Murray,jamal_murray.webp,2016
Jameer Nelson,jameer_nelson.webp,2004
James Donaldson,james_donaldson.webp,1979
James Harden,james_harden.webp,2009
James Wiseman,james_wiseman.webp,2020
James Worthy,james_worthy.webp,1982
Jarace Walker,jarace_walker.webp,2023
Jared McCain,jared_mccain.webp,2024
Jaren Jackson Jr.,jaren_jackson_jr.webp,2018
Jarrett Allen,jarrett_allen.webp,2017
Jason Kidd,jason_kidd.webp,1994
Jason Richardson,jason_richardson.webp,2001
Jason Terry,jason_terry.webp,1999
JaVale McGee,javale_mcgee.webp,2008
Jay Williams,jay_williams.webp,2002
Jayden Quaintance,jayden_quaintance.webp,2026
Jaylen Brown,jaylen_brown.webp,2016
Jayson Tatum,jayson_tatum.webp,2017
Jayson Williams,jayson_williams.webp,1990
Jeff Green,jeff_green.webp,2007
Jeff Hornacek,jeff_hornacek.webp,1986
Jeff Malone,jeff_malone.webp,1983
Jeff Mullins,jeff_mullins.webp,1964
Jeff Ruland,jeff_ruland.webp,1980
Jeff Teague,jeff_teague.webp,2009
Jeremiah Fears,jeremiah_fears.webp,2025
Jeremy Sochan,jeremy_sochan.webp,2022
Jermaine O'Neal,jermaine_oneal.webp,1996
Jerome Kersey,jerome_kersey.webp,1984
Jerry Chambers,jerry_chambers.webp,1966
Jerry Fleishman,jerry_fleishman.webp,
Jerry Lucas,jerry_lucas.webp,1962
Jerry Rullo,jerry_rullo.webp,
Jerry Sloan,jerry_sloan.webp,1964
Jerry Stackhouse,jerry_stackhouse.webp,1995
Jerry West,jerry_west.webp,1960
Jesse Arnelle,jesse_arnelle.webp,1955
Jim Ard,jim_ard.webp,1970
Jim Baechtold,jim_baechtold.webp,1952
Jim Barnes,jim_barnes.webp,1964
Jim Barnett,jim_barnett.webp,1966
Jim Brewer,jim_brewer.webp,1973
Jim Chones,jim_chones.webp,1972
Jim Cleamons,jim_cleamons.webp,1971
Jim Darrow,jim_darrow.webp,1960
Jim Fritsche,jim_fritsche.webp,1953
Jim Jackson,jim_jackson.webp,1992
Jim King,jim_king.webp,1955
Jim Krebs,jim_krebs.webp,1957
Jim Loscutoff,jim_loscutoff.webp,1955
Jim Neal,jim_neal.webp,1953
Jim Palmer,jim_palmer.webp,1957
Jim Paxson,jim_paxson.webp,1979
Jim Paxson Sr.,jim_paxson_sr.webp,1956
Jim Pollard,jim_pollard.webp,1947
Jim Price,jim_price.webp,1972
Jim Seminoff,jim_seminoff.webp,
Jim Tucker,jim_tucker.webp,1954
Jim Washington,jim_washington.webp,1965
Jimmy Butler,jimmy_butler.webp,2011
Jimmy Walker,jimmy_walker.webp,1967
Jo Jo White,jo_jo_white.webp,1969
Joakim Noah,joakim_noah.webp,2007
Joe Barry Carroll,joe_barry_carroll.webp,1980
Joe Bryant,joe_bryant.webp,1975
Joe Caldwell,joe_caldwell.webp,1964
Joe Dean,joe_dean.webp,1952
Joe Dumars,joe_dumars.webp,1985
Joe Fabel,joe_fabel.webp,
Joe Fulks,joe_fulks.webp,
Joe Johnson,joe_johnson.webp,2001
Joe Luchi,joe_luchi.webp,1951
Joe McNamee,joe_mcnamee.webp,1950
Joe Smith,joe_smith.webp,1995
Joel Embiid,joel_embiid.webp,2014
John Abramovic,john_abramovic.webp,
John Barnhill,john_barnhill.webp,1963
John Block,john_block.webp,1966
John Brown,john_brown.webp,1973
John Collins,john_collins.webp,2017
John Drew,john_drew.webp,1974
John Egan,john_egan.webp,1962
John Havlicek,john_havlicek.webp,1962
John Horan,john_horan.webp,1955
John Janisch,john_janisch.webp,
John Johnson,john_johnson.webp,1970
John Kuester,john_kuester.webp,1976
John Logan,john_logan.webp,
John Lucas,john_lucas.webp,1976
John Mahnken,john_mahnken.webp,
John McCarthy,john_mccarthy.webp,1956
John McConathy,john_mcconathy.webp,1951
John McGlocklin,john_mcglocklin.webp,1965
John Mills,john_mills.webp,
John Murphy,john_murphy.webp,
John Richter,john_richter.webp,1959
John Roche,john_roche.webp,1971
John Salley,john_salley.webp,1986
John Shumate,john_shumate.webp,1974
John Stockton,john_stockton.webp,1984
John Wall,john_wall.webp,2010
John Warren,john_warren.webp,1969
Johnny Barr,johnny_barr.webp,
Johnny Cox,johnny_cox.webp,1959
Johnny Dawkins,johnny_dawkins.webp,1986
Johnny Green,johnny_green.webp,1957
Johnny Horan,johnny_horan.webp,1955
Johnny Norlander,johnny_norlander.webp,
Johnny Simmons,johnny_simmons.webp,
Jonas Valanciunas,jonas_valanciunas.webp,2011
Jonathan Bender,jonathan_bender.webp,1999
Jonathan Isaac,jonathan_isaac.webp,2017
Jonathan Kuminga,jonathan_kuminga.webp,2021
Jordan Clarkson,jordan_clarkson.webp,2014
Jordan Poole,jordan_poole.webp,2019
Josh Giddey,josh_giddey.webp,2021
Josh Hart,josh_hart.webp,2017
Josh Howard,josh_howard.webp,2003
Josh Jackson,josh_jackson.webp,2017
Jrue Holiday,jrue_holiday.webp,2009
Julius Erving,julius_erving.webp,1972
Julius Randle,julius_randle.webp,2014
Jusuf Nurkic,jusuf_nurkic.webp,2014
Juwan Howard,juwan_howard.webp,1994
K.C. Jones,k_c_jones.webp,1955
Kareem Abdul-Jabbar,kareem_abdul_jabbar.webp,1969
Karl-Anthony Towns,karl_anthony_towns.webp,2015
Karl Malone,karl_malone.webp,1985
Kasparas Jakucionis,kasparas_jakucionis.webp,2025
Kawhi Leonard,kawhi_leonard.webp,2011
Keegan Murray,keegan_murray.webp,2022
Keith Van Horn,keith_van_horn.webp,1997
Keith Wilkes,keith_wilkes.webp,1974
Keldon Johnson,keldon_johnson.webp,2019
Kel'el Ware,kelel_ware.webp,2024
Kelly Tripucka,kelly_tripucka.webp,1981
Kemba Walker,kemba_walker.webp,2011
Ken Durrett,ken_durrett.webp,1971
Ken Keller,ken_keller.webp,
Ken Sears,ken_sears.webp,1953
Kendall Gill,kendall_gill.webp,1990
Kenny Anderson,kenny_anderson.webp,1991
Kenny Sailors,kenny_sailors.webp,
Kenny Smith,kenny_smith.webp,1987
Kenny Walker,kenny_walker.webp,1986
Kent Benson,kent_benson.webp,1977
Kenyon Martin,kenyon_martin.webp,2000
Kermit Washington,kermit_washington.webp,1973
Kevin Durant,kevin_durant.webp,2007
Kevin Garnett,kevin_garnett.webp,1995
Kevin Grevey,kevin_grevey.webp,1975
Kevin Johnson,kevin_johnson.webp,1987
Kevin Loughery,kevin_loughery.webp,1962
Kevin Love,kevin_love.webp,2008
Kevin Martin,kevin_martin.webp,2004
Kevin McHale,kevin_mchale.webp,1980
Kevin O'Shea,kevin_oshea.webp,1950
Kevin Porter Jr.,kevin_porter_jr.webp,2019
Kevin Willis,kevin_willis.webp,1984
Khaman Maluach,khaman_maluach.webp,2025
Khris Middleton,khris_middleton.webp,2012
Kiki Vandeweghe,kiki_vandeweghe.webp,1980
Killian Hayes,killian_hayes.webp,2020
Kirk Hinrich,kirk_hinrich.webp,2003
Klay Thompson,klay_thompson.webp,2011
Kleggie Hermsen,kleggie_hermsen.webp,
Koa Peat,koa_peat.webp,2026
Kobe Bryant,kobe_bryant.webp,1996
Kon Knueppel,kon_knueppel.webp,2025
Kris Dunn,kris_dunn.webp,2016
Kristaps Porzingis,kristaps_porzingis.webp,2015
Kurt Thomas,kurt_thomas.webp,1995
Kwame Brown,kwame_brown.webp,2001
Kyle Korver,kyle_korver.webp,2003
Kyle Kuzma,kyle_kuzma.webp,2017
Kyle Lowry,kyle_lowry.webp,2006
Kyrie Irving,kyrie_irving.webp,2011
Lamar Odom,lamar_odom.webp,1999
LaMarcus Aldridge,lamarcus_aldridge.webp,2006
LaMelo Ball,lamelo_ball.webp,2020
LaPhonso Ellis,laphonso_ellis.webp,1992
Larry Bird,larry_bird.webp,1978
Larry Brown,larry_brown.webp,1963
Larry Cannon,larry_cannon.webp,1969
Larry Costello,larry_costello.webp,1954
Larry Foust,larry_foust.webp,1950
Larry Hennessy,larry_hennessy.webp,1953
Larry Johnson,larry_johnson.webp,1991
Larry Kenon,larry_kenon.webp,1973
Larry Killick,larry_killick.webp,1947
Larry Nance,larry_nance.webp,1981
Larry Siegfried,larry_siegfried.webp,1961
LaRue Martin,larue_martin.webp,1972
Latrell Sprewell,latrell_sprewell.webp,1992
Lauri Markkanen,lauri_markkanen.webp,2017
Leandro Barbosa,leandro_barbosa.webp,2003
LeBron James,lebron_james.webp,2003
Lee Shaffer,lee_shaffer.webp,1960
Len Bias,len_bias.webp,1986
Len Chappell,len_chappell.webp,1962
Lenny Wilkens,lenny_wilkens.webp,1960
Leo Barnhorst,leo_barnhorst.webp,1949
Leo Gottlieb,leo_gottlieb.webp,
Leo Kubiak,leo_kubiak.webp,1948
Leo Mogus,leo_mogus.webp,
Leon Douglas,leon_douglas.webp,1976
Les Hunter,les_hunter.webp,1964
Lew Hitch,lew_hitch.webp,1951
Lindsey Hunter,lindsey_hunter.webp,1993
Lionel Hollins,lionel_hollins.webp,1975
Lionel Simmons,lionel_simmons.webp,1990
Lloyd Free,lloyd_free.webp,1975
Lonnie Shelton,lonnie_shelton.webp,1976
Lonzo Ball,lonzo_ball.webp,2017
Lou Hudson,lou_hudson.webp,1966
Lou Spicer,lou_spicer.webp,
Lou Tsioropoulos,lou_tsioropoulos.webp,1953
Lou Williams,lou_williams.webp,2005
Louie Dampier,louie_dampier.webp,1967
Luc Longley,luc_longley.webp,1991
Lucious Jackson,lucious_jackson.webp,1964
Lucius Allen,lucius_allen.webp,1969
Luka Doncic,luka_doncic.webp,2018
Luol Deng,luol_deng.webp,2004
M.L. Carr,m_l_carr.webp,1973
Magic Johnson,magic_johnson.webp,1979
Malcolm Brogdon,malcolm_brogdon.webp,2016
Manu Ginobili,manu_ginobili.webp,1999
Marc Gasol,marc_gasol.webp,2007
Marcus Camby,marcus_camby.webp,1996
Marcus Fizer,marcus_fizer.webp,2000
Marcus Freiberger,marcus_freiberger.webp,1951
Marcus Smart,marcus_smart.webp,2014
Mark Aguirre,mark_aguirre.webp,1981
Mark Eaton,mark_eaton.webp,1982
Mark Jackson,mark_jackson.webp,1987
Mark Price,mark_price.webp,1986
Mark Williams,mark_williams.webp,2022
Mark Workman,mark_workman.webp,1952
Markelle Fultz,markelle_fultz.webp,2017
Marques Johnson,marques_johnson.webp,1977
Martell Webster,martell_webster.webp,2005
Marty Passaglia,marty_passaglia.webp,
Marvin Bagley III,marvin_bagley_iii.webp,2018
Marvin Barnes,marvin_barnes.webp,1974
Marvin Webster,marvin_webster.webp,1975
Marvin Williams,marvin_williams.webp,2005
Matas Buzelis,matas_buzelis.webp,2024
Matt Barnes,matt_barnes.webp,2002
Matt Guokas,matt_guokas.webp,
Maurice Cheeks,maurice_cheeks.webp,1978
Maurice Lucas,maurice_lucas.webp,1974
Maurice Stokes,maurice_stokes.webp,1955
Max Zaslofsky,max_zaslofsky.webp,
Mel Daniels,mel_daniels.webp,1967
Mel Hirsch,mel_hirsch.webp,
Mel Hutchins,mel_hutchins.webp,1951
Mel Payton,mel_payton.webp,1951
Mel Riebe,mel_riebe.webp,
Meleek Thomas,meleek_thomas.webp,2026
Michael Beasley,michael_beasley.webp,2008
Michael Bytzura,michael_bytzura.webp,
Michael Finley,michael_finley.webp,1995
Michael Jordan,michael_jordan.webp,1984
Michael Kidd-Gilchrist,michael_kidd_gilchrist.webp,2012
Michael Olowokandi,michael_olowokandi.webp,1998
Michael Porter Jr.,michael_porter_jr.webp,2018
Michael Redd,michael_redd.webp,2000
Micheal Ray Richardson,micheal_ray_richardson.webp,1978
Mickey Rottner,mickey_rottner.webp,
Mikal Bridges,mikal_bridges.webp,2018
Mike Bantom,mike_bantom.webp,1973
Mike Bibby,mike_bibby.webp,1998
Mike Conley,mike_conley.webp,2007
Mike Davis,mike_davis.webp,1969
Mike Dunleavy Jr.,mike_dunleavy_jr.webp,2002
Mike Farmer,mike_farmer.webp,1958
Mike Gminski,mike_gminski.webp,1980
Mike Green,mike_green.webp,1973
Mike Lewis,mike_lewis.webp,1968
Mike McCarron,mike_mccarron.webp,
Mike Miller,mike_miller.webp,2000
Mike Mitchell,mike_mitchell.webp,1978
Mike Sojourner,mike_sojourner.webp,1975
Mikel Brown Jr.,mikel_brown_jr.webp,2026
Miles Bridges,miles_bridges.webp,2018
Milt Schoon,milt_schoon.webp,
Mitch Kupchak,mitch_kupchak.webp,1976
Mitch Richmond,mitch_richmond.webp,1988
Mitchell Robinson,mitchell_robinson.webp,2018
Moe Becker,moe_becker.webp,
Monta Ellis,monta_ellis.webp,2005
Montrezl Harrell,montrezl_harrell.webp,2015
Mookie Blaylock,mookie_blaylock.webp,1989
Murray Wier,murray_wier.webp,1948
Mychal Thompson,mychal_thompson.webp,1978
Myles Turner,myles_turner.webp,2015
Nat Frankel,nat_frankel.webp,
Nat Militzok,nat_militzok.webp,
Nate Ament,nate_ament.webp,2026
Nate Archibald,nate_archibald.webp,1970
Nate Bowman,nate_bowman.webp,1965
Nate Thurmond,nate_thurmond.webp,1963
Neal Walk,neal_walk.webp,1969
Ned Endress,ned_endress.webp,
Nene,nene.webp,2002
Nerlens Noel,nerlens_noel.webp,2013
Nic Claxton,nic_claxton.webp,2019
Nick Shaback,nick_shaback.webp,
Nick Van Exel,nick_van_exel.webp,1993
Nicolas Batum,nicolas_batum.webp,2008
Nikola Jokic,nikola_jokic.webp,2014
Nikola Vucevic,nikola_vucevic.webp,2011
Noa Essengue,noa_essengue.webp,2025
Norm Baker,norm_baker.webp,
Norm Nixon,norm_nixon.webp,1977
Norm Van Lier,norm_van_lier.webp,1969
Norman Powell,norman_powell.webp,2015
O.J. Mayo,o_j_mayo.webp,2008
Obi Toppin,obi_toppin.webp,2020
OG Anunoby,og_anunoby.webp,2017
Olden Polynice,olden_polynice.webp,1987
Onyeka Okongwu,onyeka_okongwu.webp,2020
Orlando Woolridge,orlando_woolridge.webp,1981
Oscar Robertson,oscar_robertson.webp,1960
Ossie Schectman,ossie_schectman.webp,
Otis Birdsong,otis_birdsong.webp,1977
Otis Thorpe,otis_thorpe.webp,1984
Otto Porter Jr.,otto_porter_jr.webp,2013
P.J. Brown,p_j_brown.webp,1992
Paolo Banchero,paolo_banchero.webp,2022
Pascal Siakam,pascal_siakam.webp,2016
Pat Riley,pat_riley.webp,1967
Patrick Beverley,patrick_beverley.webp,2009
Patrick Ewing,patrick_ewing.webp,1985
Patrick Williams,patrick_williams.webp,2020
Pau Gasol,pau_gasol.webp,2001
Paul Arizin,paul_arizin.webp,1950
Paul George,paul_george.webp,2010
Paul Hoffman,paul_hoffman.webp,1947
Paul Huston,paul_huston.webp,1947
Paul Millsap,paul_millsap.webp,2006
Paul Pierce,paul_pierce.webp,1998
Paul Silas,paul_silas.webp,1964
Paul Walther,paul_walther.webp,1949
Paul Westphal,paul_westphal.webp,1972
Peja Stojakovic,peja_stojakovic.webp,1996
Pervis Ellison,pervis_ellison.webp,1989
Pete Maravich,pete_maravich.webp,1970
Petey Rosenberg,petey_rosenberg.webp,
Phil Chenier,phil_chenier.webp,1971
Phil Ford,phil_ford.webp,1978
Phil Jackson,phil_jackson.webp,1967
Phil Smith,phil_smith.webp,1974
Pooh Richardson,pooh_richardson.webp,1989
Pop Goodwin,pop_goodwin.webp,
Press Maravich,press_maravich.webp,
Purvis Short,purvis_short.webp,1978
Quentin Richardson,quentin_richardson.webp,2000
Quinn Buckner,quinn_buckner.webp,1976
Raef LaFrentz,raef_lafrentz.webp,1998
Rajon Rondo,rajon_rondo.webp,2006
Ralph Beard,ralph_beard.webp,1949
Ralph Kaplowitz,ralph_kaplowitz.webp,
Ralph Polson,ralph_polson.webp,1952
Ralph Sampson,ralph_sampson.webp,1983
Randy Smith,randy_smith.webp,1971
Randy White,randy_white.webp,1989
Rashard Lewis,rashard_lewis.webp,1998
Rasheed Wallace,rasheed_wallace.webp,1995
Ray Allen,ray_allen.webp,1996
Ray Felix,ray_felix.webp,1953
Ray Hurley,ray_hurley.webp,
Ray Lumpp,ray_lumpp.webp,1948
Ray Ragelis,ray_ragelis.webp,1951
Ray Scott,ray_scott.webp,1961
Ray Wertis,ray_wertis.webp,
Raymond Felton,raymond_felton.webp,2005
Red Dehnert,red_dehnert.webp,
Red Kerr,red_kerr.webp,1954
Red Mihalik,red_mihalik.webp,
Red Rocha,red_rocha.webp,1947
Red Wallace,red_wallace.webp,
Reed Sheppard,reed_sheppard.webp,2024
Reggie Lewis,reggie_lewis.webp,1987
Reggie Miller,reggie_miller.webp,1987
Reggie Theus,reggie_theus.webp,1978
Reggie Williams,reggie_williams.webp,1987
Rex Chapman,rex_chapman.webp,1988
Richard Hamilton,richard_hamilton.webp,1999
Richard Jefferson,richard_jefferson.webp,2001
Richard Washington,richard_washington.webp,1976
Richie Guerin,richie_guerin.webp,1954
Richie Regan,richie_regan.webp,1953
Rick Adelman,rick_adelman.webp,1968
Rick Barry,rick_barry.webp,1965
Rick Fox,rick_fox.webp,1991
Rick Mahorn,rick_mahorn.webp,1980
Rick Robey,rick_robey.webp,1978
Rickey Green,rickey_green.webp,1977
Rickey Sobers,rickey_sobers.webp,1975
Ricky Pierce,ricky_pierce.webp,1982
Ricky Rubio,ricky_rubio.webp,2009
Rik Smits,rik_smits.webp,1988
RJ Barrett,rj_barrett.webp,2019
Rob Dillingham,rob_dillingham.webp,2024
Robert Horry,robert_horry.webp,1992
Robert Parish,robert_parish.webp,1976
Robert Williams III,robert_williams_iii.webp,2018
Rod Strickland,rod_strickland.webp,1988
Rod Thorn,rod_thorn.webp,1963
Rodney McCray,rodney_mccray.webp,1983
Rodney Rogers,rodney_rogers.webp,1993
Rodney Stuckey,rodney_stuckey.webp,2007
Roger Brown,roger_brown.webp,1967
Roger Strickland,roger_strickland.webp,1963
Roland Minson,roland_minson.webp,1951
Rolando Blackman,rolando_blackman.webp,1981
Ron Artest,ron_artest.webp,1999
Ron Behagen,ron_behagen.webp,1973
Ron Bontemps,ron_bontemps.webp,1951
Ron Harper,ron_harper.webp,1986
Ron Holland,ron_holland.webp,2024
Ron Lee,ron_lee.webp,1976
Ron Livingstone,ron_livingstone.webp,1949
Ron Mercer,ron_mercer.webp,1997
Ron Sobie,ron_sobie.webp,1956
Ron Williams,ron_williams.webp,1968
Rony Seikaly,rony_seikaly.webp,1988
Roy Hibbert,roy_hibbert.webp,2008
Roy Tarpley,roy_tarpley.webp,1986
Rudy Gay,rudy_gay.webp,2006
Rudy Gobert,rudy_gobert.webp,2013
Rudy LaRusso,rudy_larusso.webp,1959
Rudy Tomjanovich,rudy_tomjanovich.webp,1970
Rui Hachimura,rui_hachimura.webp,2019
Rumeal Robinson,rumeal_robinson.webp,1990
Russ Lee,russ_lee.webp,1972
Russell Westbrook,russell_westbrook.webp,2008
Ryan Anderson,ryan_anderson.webp,2008
Sam Bowie,sam_bowie.webp,1984
Sam Cassell,sam_cassell.webp,1993
Sam Jones,sam_jones.webp,1956
Sam Lacey,sam_lacey.webp,1970
Sam Perkins,sam_perkins.webp,1984
Sam Ranzino,sam_ranzino.webp,1951
Scoot Henderson,scoot_henderson.webp,2023
Scott May,scott_may.webp,1976
Scott Wedman,scott_wedman.webp,1974
Scottie Barnes,scottie_barnes.webp,2021
Scottie Pippen,scottie_pippen.webp,1987
Scotty Steagall,scotty_steagall.webp,1951
Sean Elliott,sean_elliott.webp,1989
Shaedon Sharpe,shaedon_sharpe.webp,2022
Shai Gilgeous-Alexander,shai_gilgeous_alexander.webp,2018
Shane Battier,shane_battier.webp,2001
Shaquille O'Neal,shaquille_oneal.webp,1992
Shareef Abdur-Rahim,shareef_abdur_rahim.webp,1996
Shaun Livingston,shaun_livingston.webp,2004
Shawn Bradley,shawn_bradley.webp,1993
Shawn Kemp,shawn_kemp.webp,1989
Shawn Marion,shawn_marion.webp,1999
Shelden Williams,shelden_williams.webp,2006
Shellie McMillon,shellie_mcmillon.webp,1958
Si Green,si_green.webp,1955
Sidney Green,sidney_green.webp,1983
Sidney Moncrief,sidney_moncrief.webp,1979
Sidney Wicks,sidney_wicks.webp,1971
Sleepy Floyd,sleepy_floyd.webp,1982
Sonny Hertzberg,sonny_hertzberg.webp,
Spencer Haywood,spencer_haywood.webp,1971
Spud Webb,spud_webb.webp,1985
Stacey King,stacey_king.webp,1989
Stan Love,stan_love.webp,1971
Stan Miasek,stan_miasek.webp,
Stan Noszka,stan_noszka.webp,
Stan Stutz,stan_stutz.webp,
Stephen Curry,stephen_curry.webp,2009
Stephen Jackson,stephen_jackson.webp,1997
Stephon Castle,stephon_castle.webp,2024
Stephon Marbury,stephon_marbury.webp,1996
Steve Francis,steve_francis.webp,1999
Steve Johnson,steve_johnson.webp,1981
Steve Kerr,steve_kerr.webp,1988
Steve Mix,steve_mix.webp,1969
Steve Nash,steve_nash.webp,1996
Steve Smith,steve_smith.webp,1991
Steve Stipanovich,steve_stipanovich.webp,1983
Steven Adams,steven_adams.webp,2013
Stromile Swift,stromile_swift.webp,2000
Stu Lantz,stu_lantz.webp,1968
Swede Carlson,swede_carlson.webp,
Swen Nater,swen_nater.webp,1972
T.J. Ford,t_j_ford.webp,2003
T.J. Warren,t_j_warren.webp,2014
Taj Gibson,taj_gibson.webp,2009
Taylor Hendricks,taylor_hendricks.webp,2023
Tayshaun Prince,tayshaun_prince.webp,2002
Terrell Brandon,terrell_brandon.webp,1991
Terry Cummings,terry_cummings.webp,1982
Terry Dischinger,terry_dischinger.webp,1962
Terry Driscoll,terry_driscoll.webp,1969
Terry Porter,terry_porter.webp,1985
Terry Rozier,terry_rozier.webp,2015
Thaddeus Young,thaddeus_young.webp,2007
Theo Ratliff,theo_ratliff.webp,1995
Thomas Sorber,thomas_sorber.webp,2025
Tidjane Salaun,tidjane_salaun.webp,2024
Tim Duncan,tim_duncan.webp,1997
Tim Hardaway,tim_hardaway.webp,1989
Tim Thomas,tim_thomas.webp,1997
Togo Palazzi,togo_palazzi.webp,1954
Tom Burleson,tom_burleson.webp,1974
Tom Callahan,tom_callahan.webp,
Tom Chambers,tom_chambers.webp,1981
Tom Gola,tom_gola.webp,1955
Tom Gugliotta,tom_gugliotta.webp,1992
Tom Hammonds,tom_hammonds.webp,1989
Tom Hawkins,tom_hawkins.webp,1958
Tom Heinsohn,tom_heinsohn.webp,1956
Tom Hoover,tom_hoover.webp,1963
Tom King,tom_king.webp,
Tom Marshall,tom_marshall.webp,1954
Tom Meschery,tom_meschery.webp,1961
Tom Riker,tom_riker.webp,1972
Tom Sanders,tom_sanders.webp,1960
Tom Stith,tom_stith.webp,1961
Tom Thacker,tom_thacker.webp,1963
Tom Van Arsdale,tom_van_arsdale.webp,1965
Tommy Byrnes,tommy_byrnes.webp,
Toni Kukoc,toni_kukoc.webp,1990
Tony Allen,tony_allen.webp,2004
Tony Battie,tony_battie.webp,1997
Tony Jaros,tony_jaros.webp,
Tony Kappen,tony_kappen.webp,
Tony Lavelli,tony_lavelli.webp,1949
Tony Parker,tony_parker.webp,2001
Tracy McGrady,tracy_mcgrady.webp,1997
Trae Young,trae_young.webp,2018
Tre Johnson,tre_johnson.webp,2025
Trevor Ariza,trevor_ariza.webp,2004
Trey Murphy III,trey_murphy_iii.webp,2021
Tristan Thompson,tristan_thompson.webp,2011
Truck Robinson,truck_robinson.webp,1974
Tyler Herro,tyler_herro.webp,2019
Tyreke Evans,tyreke_evans.webp,2009
Tyrese Haliburton,tyrese_haliburton.webp,2020
Tyrese Maxey,tyrese_maxey.webp,2020
Tyrone Hill,tyrone_hill.webp,1990
Tyrus Thomas,tyrus_thomas.webp,2006
Tyson Chandler,tyson_chandler.webp,2001
Vern Gardner,vern_gardner.webp,1949
Vern Hatton,vern_hatton.webp,1958
Vern Mikkelsen,vern_mikkelsen.webp,1949
Victor Oladipo,victor_oladipo.webp,2013
Victor Wembanyama,victor_wembanyama.webp,2023
Vin Baker,vin_baker.webp,1993
Vince Carter,vince_carter.webp,1998
Virgil Vaughn,virgil_vaughn.webp,
VJ Edgecombe,vj_edgecombe.webp,2025
Vlade Divac,vlade_divac.webp,1989
Wah Wah Jones,wah_wah_jones.webp,1949
Walker Kessler,walker_kessler.webp,2022
Wally Osterkorn,wally_osterkorn.webp,1950
Wally Szczerbiak,wally_szczerbiak.webp,1999
Wally Walker,wally_walker.webp,1976
Walt Bellamy,walt_bellamy.webp,1961
Walt Budko,walt_budko.webp,1948
Walt Dropo,walt_dropo.webp,1947
Walt Frazier,walt_frazier.webp,1967
Walt Hazzard,walt_hazzard.webp,1964
Walt Miller,walt_miller.webp,
Walt Williams,walt_williams.webp,1992
Walter Davis,walter_davis.webp,1977
Walter Dukes,walter_dukes.webp,1953
Ward Williams,ward_williams.webp,1948
Warren Fenley,warren_fenley.webp,
Wat Misaka,wat_misaka.webp,1947
Wayman Tisdale,wayman_tisdale.webp,1985
Wayne Embry,wayne_embry.webp,1958
Wayne Hightower,wayne_hightower.webp,1962
Wayne Yates,wayne_yates.webp,1960
Wendell Carter Jr.,wendell_carter_jr.webp,2018
Wes Unseld,wes_unseld.webp,1968
Wesley Johnson,wesley_johnson.webp,2010
Wesley Person,wesley_person.webp,1994
Whitey Skoog,whitey_skoog.webp,1951
Wibs Kautz,wibs_kautz.webp,
Willie Burton,willie_burton.webp,1990
Willie Merriweather,willie_merriweather.webp,1959
Willie Naulls,willie_naulls.webp,1955
Willis Reed,willis_reed.webp,1964
Wilt Chamberlain,wilt_chamberlain.webp,1959
Win Wilfong,win_wilfong.webp,1957
Woody Sauldsberry,woody_sauldsberry.webp,1956
Wyndol Gray,wyndol_gray.webp,
Xavier McDaniel,xavier_mcdaniel.webp,1985
Yao Ming,yao_ming.webp,2002
York Larese,york_larese.webp,1961
Yves Missi,yves_missi.webp,2024
Zaccharie Risacher,zaccharie_risacher.webp,2024
Zach Edey,zach_edey.webp,2024
Zach LaVine,zach_lavine.webp,2014
Zach Randolph,zach_randolph.webp,2001
Zeke Sinicola,zeke_sinicola.webp,1951
Zelmo Beaty,zelmo_beaty.webp,1962
Zion Williamson,zion_williamson.webp,2019
